setting,side,date,trading_session,first_bar_start_cst,first_bar_end_cst,print_price,run_bars,first_bar_close,bucket
7250v60,sell,2026-07-07,2026-07-07,08:31:01,08:33,29666.75,10,29571.5,day
7250v60,buy,2026-07-07,2026-07-07,09:42:11,09:46,29206.75,5,29272.5,day
7250v60,buy,2026-07-07,2026-07-07,10:18:21,10:27,29266.75,2,29298.5,day
7250v60,buy,2026-07-07,2026-07-07,10:51:38,11:01,29342,6,29411,day
7250v60,buy,2026-07-07,2026-07-07,11:43:22,11:53,29504.5,5,29543.75,day
7250v60,sell,2026-07-07,2026-07-07,12:53:23,13:09,29579.25,3,29533.75,day
7250v60,buy,2026-07-07,2026-07-07,14:16:19,14:23,29266,2,29317.5,afternoon
7250v60,buy,2026-07-07,2026-07-07,14:39:08,14:50,29298.75,2,29352.25,afternoon
7250v60,buy,2026-07-07,2026-07-07,15:00:01,15:05,29382.75,2,29424.5,afternoon
7250v60,sell,2026-07-07,2026-07-08,19:24:26,19:50,29543.5,1,29526.5,asia
7250v60,buy,2026-07-07,2026-07-08,21:16:35,22:24,29386.5,1,29499.25,asia
7250v60,sell,2026-07-08,2026-07-08,03:17:13,03:26,29332,1,29117.5,europe
7250v60,buy,2026-07-08,2026-07-08,04:14:35,04:49,28904.75,1,28989,europe
7250v60,buy,2026-07-08,2026-07-08,06:18:01,06:51,28968,1,29081.25,europe
7250v60,sell,2026-07-08,2026-07-08,07:14:09,07:48,29198.5,1,29190,europe
7250v60,sell,2026-07-08,2026-07-08,08:08:01,08:27,29231,1,29184,europe
7250v60,buy,2026-07-08,2026-07-08,09:33:51,09:39,29239,1,29257.75,day
7250v60,sell,2026-07-08,2026-07-08,10:37:05,10:45,29158,1,29096.75,day
7250v60,buy,2026-07-08,2026-07-08,11:35:12,11:40,29240.5,5,29332.75,day
7250v60,sell,2026-07-08,2026-07-08,12:34:53,12:46,29454,1,29359.5,day
7250v60,sell,2026-07-08,2026-07-08,13:09:20,13:25,29434.25,2,29379.5,day
7250v60,buy,2026-07-08,2026-07-08,13:40:12,13:56,29367.5,6,29392,day
7250v60,buy,2026-07-08,2026-07-08,14:59:58,15:08,29419.5,1,29434.25,afternoon
7250v60,sell,2026-07-08,2026-07-08,15:40:24,18:09,29461,1,29456,afternoon
7250v60,buy,2026-07-08,2026-07-09,18:09:31,19:07,29390,1,29538.5,asia
7250v60,sell,2026-07-08,2026-07-09,19:07:33,19:49,29588,1,29545,asia
7250v60,buy,2026-07-08,2026-07-09,19:49:02,20:41,29457.75,6,29509.75,asia
7250v60,sell,2026-07-09,2026-07-09,01:32:43,02:29,29672.75,2,29658.5,asia
7250v60,buy,2026-07-09,2026-07-09,03:19:07,04:44,29608.75,1,29620.5,europe
7250v60,sell,2026-07-09,2026-07-09,04:44:37,06:04,29674,1,29617.5,europe
7250v60,buy,2026-07-09,2026-07-09,06:04:58,06:50,29574,1,29709,europe
7250v60,sell,2026-07-09,2026-07-09,06:50:48,07:27,29760,2,29746,europe
7250v60,sell,2026-07-09,2026-07-09,08:26:00,08:30,29763,1,29745.25,europe
7250v60,sell,2026-07-09,2026-07-09,12:30:18,12:48,29998.5,2,29991,day
7250v60,sell,2026-07-09,2026-07-10,18:46:54,19:25,29963,1,29837.5,asia
7250v60,buy,2026-07-09,2026-07-10,20:01:51,20:57,29812.5,5,29907.75,asia
7250v60,sell,2026-07-10,2026-07-10,01:59:44,03:16,29832.75,1,29795,asia
7250v60,buy,2026-07-10,2026-07-10,04:23:09,06:00,29793.75,2,29863.75,europe
7250v60,sell,2026-07-10,2026-07-10,07:31:02,08:10,29865.75,1,29802.75,europe
7250v60,sell,2026-07-10,2026-07-10,11:16:53,11:27,30029,1,30021,day
7250v60,sell,2026-07-12,2026-07-13,17:00:00,17:16,29984.5,1,29873.5,asia
7250v60,buy,2026-07-12,2026-07-13,18:20:09,19:06,29840,1,29963.5,asia
7250v60,sell,2026-07-12,2026-07-13,19:06:11,19:35,30046,1,29925.5,asia
7250v60,buy,2026-07-12,2026-07-13,20:01:30,20:43,29783.75,1,29811,asia
7250v60,buy,2026-07-12,2026-07-13,21:09:33,22:00,29707.75,1,29716,asia
7250v60,buy,2026-07-13,2026-07-13,00:01:15,00:37,29537.75,2,29642.25,asia
7250v60,buy,2026-07-13,2026-07-13,02:32:08,03:36,29631,2,29712.75,europe
7250v60,sell,2026-07-13,2026-07-13,05:16:04,06:40,29804.75,2,29780,europe
7250v60,sell,2026-07-13,2026-07-13,08:04:06,08:30,29751.75,1,29710.75,europe
7250v60,buy,2026-07-13,2026-07-13,14:59:45,15:00,29446,1,29467.75,afternoon
7250v60,sell,2026-07-13,2026-07-14,17:06:44,18:32,29479,3,29355,asia
7250v60,buy,2026-07-13,2026-07-14,19:34:11,20:10,29394.5,1,29511,asia
7250v60,buy,2026-07-13,2026-07-14,20:57:03,21:45,29360.25,1,29450.75,asia
7250v60,buy,2026-07-13,2026-07-14,22:32:49,23:32,29329.25,3,29453,asia
7250v60,sell,2026-07-14,2026-07-14,01:31:25,02:53,29639.25,1,29606.25,asia
7250v60,buy,2026-07-14,2026-07-14,02:53:30,04:16,29542.75,1,29629.5,europe
7250v60,sell,2026-07-14,2026-07-14,06:42:47,07:29,29679.25,1,29653.75,europe
7250v60,sell,2026-07-14,2026-07-14,07:32:03,07:38,29922.75,2,29840,europe
7250v60,buy,2026-07-14,2026-07-14,13:41:39,14:00,29808,1,29821.75,day
7250v60,buy,2026-07-14,2026-07-14,15:01:01,15:18,29767.5,1,29788.25,afternoon
7250v60,buy,2026-07-14,2026-07-15,17:45:49,19:01,29753,1,29865.25,asia
7250v60,sell,2026-07-14,2026-07-15,19:01:24,19:50,29943,1,29898.5,asia
7250v60,buy,2026-07-14,2026-07-15,19:50:54,20:58,29855,5,29950.75,asia
7250v60,sell,2026-07-15,2026-07-15,02:26:56,03:18,30010.25,1,29897,europe
7250v60,buy,2026-07-15,2026-07-15,03:18:04,05:21,29867,1,29932.5,europe
7250v60,sell,2026-07-15,2026-07-15,05:21:35,07:10,29958,2,29880.5,europe
7250v60,sell,2026-07-15,2026-07-15,15:50:45,18:21,29754,1,29715.75,afternoon
7250v60,buy,2026-07-15,2026-07-16,18:21:21,19:30,29652,1,29663.75,asia
7250v60,buy,2026-07-15,2026-07-16,20:30:17,21:39,29588.5,4,29697.25,asia
7250v60,sell,2026-07-16,2026-07-16,01:35:41,02:54,29699,1,29570,asia
7250v60,buy,2026-07-16,2026-07-16,02:54:20,03:55,29473.75,2,29589,europe
7250v60,sell,2026-07-16,2026-07-16,05:17:48,06:31,29560.75,2,29452,europe
7250v60,sell,2026-07-16,2026-07-17,17:21:50,18:36,29172.5,3,29064.75,asia
7250v60,buy,2026-07-16,2026-07-17,21:43:31,22:40,28897.25,1,28966,asia
7250v60,buy,2026-07-16,2026-07-17,23:20:42,23:59,28769.5,1,28805,asia
7250v60,buy,2026-07-17,2026-07-17,00:48:24,01:27,28717.5,2,28821,asia
7250v60,sell,2026-07-17,2026-07-17,02:17:04,03:06,28764.75,1,28721.25,europe
7250v60,buy,2026-07-17,2026-07-17,03:06:46,03:27,28572.25,3,28622,europe
7250v60,sell,2026-07-17,2026-07-17,04:54:08,05:28,28792.25,2,28758.25,europe
7250v60,sell,2026-07-17,2026-07-17,08:31:37,08:34,28691,1,28558,day
7250v60,sell,2026-07-17,2026-07-17,09:11:51,09:15,28855.25,1,28798,day
7250v60,sell,2026-07-17,2026-07-17,15:34:47,17:00,28784.75,1,28768.25,afternoon
7250v60,sell,2026-07-19,2026-07-20,17:00:00,17:29,28823.75,2,28764.25,asia
7250v60,buy,2026-07-19,2026-07-20,21:33:38,22:50,28846,4,28911.75,asia
7250v60,buy,2026-07-20,2026-07-20,04:06:43,05:21,28849,1,28950.75,europe
7250v60,sell,2026-07-20,2026-07-20,05:21:07,06:30,29031.5,1,29014.25,europe
7250v60,buy,2026-07-20,2026-07-20,11:59:04,12:10,28932.5,1,28962.25,day
7250v60,buy,2026-07-20,2026-07-20,15:01:24,15:32,28745.5,1,28764.25,afternoon
7250v60,sell,2026-07-20,2026-07-20,15:32:40,18:02,28808.5,1,28724.25,afternoon
7250v60,buy,2026-07-20,2026-07-21,18:02:15,19:00,28718.75,1,28744,asia
7250v60,buy,2026-07-20,2026-07-21,19:33:46,20:19,28832.5,1,28874.25,asia
7250v60,buy,2026-07-20,2026-07-21,23:42:54,01:03,29011.5,2,29115.25,asia
7250v60,sell,2026-07-21,2026-07-21,02:07:37,03:17,29161.25,1,29150.5,europe
7250v60,sell,2026-07-21,2026-07-21,04:33:51,05:54,29212,1,29167.75,europe
7250v60,buy,2026-07-21,2026-07-21,11:00:21,11:11,29249.25,1,29308.25,day
7250v60,buy,2026-07-21,2026-07-21,14:59:57,15:02,29286.5,2,29300.5,afternoon
7250v60,sell,2026-07-21,2026-07-21,15:31:20,18:01,29315.75,1,29265.25,afternoon
7250v60,buy,2026-07-21,2026-07-22,18:01:41,19:22,29257.5,1,29311.5,asia
7250v60,buy,2026-07-21,2026-07-22,23:01:43,00:40,29146,1,29159,asia
7250v60,sell,2026-07-22,2026-07-22,01:31:50,02:27,29123.5,1,29118.5,asia
7250v60,sell,2026-07-22,2026-07-22,04:42:10,05:59,29178,1,29152.75,europe
7250v60,sell,2026-07-22,2026-07-23,17:02:53,18:01,29112,1,29076.5,asia
7250v60,buy,2026-07-22,2026-07-23,18:01:37,19:01,29016.75,1,29156.75,asia
7250v60,buy,2026-07-22,2026-07-23,22:11:24,23:12,29026,2,29116.5,asia
7250v60,sell,2026-07-23,2026-07-23,05:13:12,06:18,29127.25,1,29051.25,europe
7250v60,buy,2026-07-23,2026-07-23,10:14:55,10:19,28487,1,28530.75,day
7250v60,sell,2026-07-23,2026-07-23,15:40:28,17:27,28762,1,28662,afternoon
7250v60,sell,2026-07-23,2026-07-24,17:27:03,18:42,28741,1,28682,asia
7250v60,buy,2026-07-23,2026-07-24,22:11:13,23:03,28465,3,28474,asia
7250v60,buy,2026-07-24,2026-07-24,04:21:46,05:34,28643.25,1,28665,europe
7250v60,sell,2026-07-24,2026-07-24,08:34:56,08:37,28627,1,28538.5,day
7250v60,sell,2026-07-24,2026-07-24,10:39:12,10:45,28582.5,1,28515,day
7250v60,sell,2026-07-26,2026-07-27,17:00:00,17:25,28687.25,1,28622.75,asia
7250v60,sell,2026-07-27,2026-07-27,08:37:18,08:40,28612,1,28521.75,day
7250v60,sell,2026-07-27,2026-07-27,08:54:34,08:58,28469.5,1,28379.75,day
7250v60,buy,2026-07-27,2026-07-28,18:19:12,19:15,28089.75,1,28122.25,asia
7250v60,buy,2026-07-28,2026-07-28,08:31:25,08:33,27866.25,1,27904.25,day
7250v60,buy,2026-07-28,2026-07-29,18:11:30,18:44,27747.75,1,27949,asia
7250v60,buy,2026-07-29,2026-07-29,08:52:29,08:55,27693.5,1,27711.25,day
7250v60,buy,2026-07-29,2026-07-29,09:28:00,09:32,27550,1,27605.75,day
7250v60,sell,2026-07-29,2026-07-29,13:02:03,13:05,27893.5,2,27804.75,day
7250v60,buy,2026-07-29,2026-07-29,14:24:19,14:28,27635.75,1,27676.75,afternoon
7250v60,buy,2026-07-29,2026-07-29,14:57:48,14:59,27312.5,1,27329.75,afternoon
7250v60,buy,2026-07-29,2026-07-29,15:04:18,15:09,27201.75,1,27289.75,afternoon
7250v60,buy,2026-07-30,2026-07-30,08:19:14,08:30,27829.75,1,27876.25,europe
7250v60,buy,2026-07-30,2026-07-30,08:40:48,08:43,27862.25,1,27962.75,day
7250v60,sell,2026-07-30,2026-07-30,09:02:23,09:05,28186.25,1,28139,day
7250v60,sell,2026-07-30,2026-07-30,09:29:05,09:33,28251.5,1,28238,day
7250v60,buy,2026-07-30,2026-07-30,09:55:29,09:59,28017.5,1,28082,day
7250v60,buy,2026-07-30,2026-07-30,14:59:56,15:01,28200.5,1,28290,afternoon
7250v60,sell,2026-07-30,2026-07-30,15:35:52,17:04,28418.75,1,28405,afternoon
7250v60,sell,2026-07-31,2026-07-31,08:30:00,08:31,28620,1,28611.75,day
7250v60,buy,2026-07-31,2026-07-31,10:02:52,10:09,28265,1,28272.75,day
7250v60,buy,2026-07-31,2026-07-31,15:00:54,15:06,28335.5,1,28361,afternoon
7250v60,buy,2026-08-03,2026-08-03,08:31:01,08:33,28308.5,2,28343.25,day
7250v60,sell,2026-08-03,2026-08-03,09:23:17,09:28,28685.5,1,28655.75,day
7250v60,sell,2026-08-04,2026-08-04,08:35:33,08:37,29418,1,29366.75,day
7250v60,sell,2026-08-04,2026-08-04,09:29:39,09:33,29572.25,1,29559.75,day
7250v60,sell,2026-08-04,2026-08-04,12:48:45,12:55,29903.75,1,29835.5,day
7250v60,sell,2026-08-05,2026-08-05,08:31:02,08:33,29996.25,1,29981,day
7250v60,buy,2026-08-07,2026-08-07,08:28:05,08:30,29680,1,29714,europe
7250v60,sell,2026-08-07,2026-08-07,08:33:20,08:35,29818.25,1,29777.25,day
7250v60,buy,2026-08-07,2026-08-07,14:59:55,15:03,29817,1,29825.75,afternoon
7250v60,sell,2026-08-10,2026-08-10,11:04:36,11:18,29855,1,29831.75,day
7250v60,sell,2026-08-11,2026-08-11,10:00:47,10:08,29797.25,1,29734.5,day
7250v60,sell,2026-08-11,2026-08-11,15:03:33,15:29,29681.5,1,29674,afternoon
7250v60,sell,2026-08-12,2026-08-12,08:39:03,08:42,29905.25,1,29895.25,day
7250v60,sell,2026-08-13,2026-08-13,07:30:40,07:56,29884.5,2,29876,europe
7250v60,sell,2026-08-13,2026-08-13,08:37:00,08:40,30051.75,2,30046,day
7250v60,buy,2026-08-13,2026-08-13,09:50:53,09:57,30194.5,1,30212.75,day
7250v60,buy,2026-08-18,2026-08-18,03:11:22,04:02,29730.75,1,29758,europe
7250v60,sell,2026-08-19,2026-08-19,15:00:00,15:15,29547.75,2,29517,afternoon
7250v60,sell,2026-08-20,2026-08-20,02:19:44,03:10,29653,1,29538.25,europe
7250v60,sell,2026-08-20,2026-08-20,12:48:00,13:00,29330.75,1,29284.75,day
7250v60,sell,2026-08-21,2026-08-21,10:03:36,10:09,29373.75,1,29359.5,day
7250v60,buy,2026-08-24,2026-08-24,03:02:49,04:03,29115,1,29233.75,europe
7250v60,sell,2026-08-24,2026-08-24,09:41:14,09:46,29115.75,1,29097.75,day
7250v60,sell,2026-08-24,2026-08-24,13:22:13,13:31,29238.25,1,29216.75,day
7250v60,sell,2026-08-26,2026-08-26,09:50:53,10:00,29273,1,29255,day
7250v60,sell,2026-08-26,2026-08-26,12:15:16,12:29,29275.75,1,29267.25,day
7250v60,buy,2026-08-27,2026-08-27,08:32:24,08:34,29461.75,1,29467,day
7250v60,sell,2026-08-27,2026-08-27,13:42:20,13:55,29587.25,1,29551.25,day
7250v60,buy,2026-08-28,2026-08-28,06:26:50,07:34,29592.5,1,29631,europe
7250v60,buy,2026-08-28,2026-08-28,08:33:45,08:36,29571.25,1,29612,day
7250v60,buy,2026-08-28,2026-08-28,09:06:31,09:09,29554,1,29606.25,day
7250v60,sell,2026-08-28,2026-08-28,09:44:04,09:47,29760,1,29740.5,day
7250v60,sell,2026-08-28,2026-08-28,11:09:24,11:15,29598,1,29564.75,day
7250v60,sell,2026-08-28,2026-08-28,15:00:00,15:26,29512.75,2,29489.75,afternoon
7250v60,buy,2026-09-01,2026-09-01,03:07:28,03:28,29277.5,1,29286.25,europe
7250v60,buy,2026-09-01,2026-09-01,08:31:15,08:33,29057.75,2,29105.25,day
7250v60,buy,2026-09-01,2026-09-01,08:41:07,08:44,29035.25,1,29080.75,day
7250v60,sell,2026-09-01,2026-09-01,10:49:01,10:58,29322.75,1,29291.75,day
7250v60,sell,2026-09-01,2026-09-01,13:01:45,13:15,29148,1,29096.75,day
7250v60,sell,2026-09-01,2026-09-01,15:00:02,15:06,29163,1,29123.5,afternoon
7250v60,sell,2026-09-02,2026-09-02,12:44:22,12:58,29178.75,1,29159.5,day
7250v60,sell,2026-09-03,2026-09-03,07:55:24,08:12,29263.75,1,29227.5,europe
7250v60,sell,2026-09-03,2026-09-03,08:41:44,08:45,29364.5,1,29340.5,day
7250v60,sell,2026-09-03,2026-09-03,10:29:26,10:34,29547.5,1,29525.5,day
7250v60,sell,2026-09-03,2026-09-03,15:01:38,15:59,29528.25,1,29503.75,afternoon
7250v30,sell,2026-07-07,2026-07-07,08:31:01,08:33,29666.75,10,29571.5,day
7250v30,buy,2026-07-07,2026-07-07,09:05:16,09:10,29409,2,29425.5,day
7250v30,buy,2026-07-07,2026-07-07,09:15:34,09:19,29310.5,4,29332,day
7250v30,buy,2026-07-07,2026-07-07,09:42:11,09:46,29206.75,4,29272.5,day
7250v30,sell,2026-07-07,2026-07-07,10:11:49,10:18,29363,2,29285.75,day
7250v30,buy,2026-07-07,2026-07-07,10:51:38,11:01,29342,1,29411,day
7250v30,sell,2026-07-07,2026-07-07,11:22:55,11:27,29553,1,29536.5,day
7250v30,buy,2026-07-07,2026-07-07,11:43:22,11:53,29504.5,2,29543.75,day
7250v30,buy,2026-07-07,2026-07-07,12:24:28,12:38,29519.25,1,29542.5,day
7250v30,sell,2026-07-07,2026-07-07,12:53:23,13:09,29579.25,1,29533.75,day
7250v30,buy,2026-07-07,2026-07-07,14:16:19,14:23,29266,2,29317.5,afternoon
7250v30,buy,2026-07-07,2026-07-07,14:39:08,14:50,29298.75,2,29352.25,afternoon
7250v30,sell,2026-07-07,2026-07-07,15:05:22,15:38,29442.25,1,29421.25,afternoon
7250v30,sell,2026-07-07,2026-07-08,19:24:26,19:50,29543.5,1,29526.5,asia
7250v30,buy,2026-07-08,2026-07-08,03:26:39,03:39,28984.25,1,28996,europe
7250v30,buy,2026-07-08,2026-07-08,08:27:11,08:30,29165.25,1,29202.25,europe
7250v30,buy,2026-07-08,2026-07-08,09:03:20,09:10,29286.5,3,29295.75,day
7250v30,buy,2026-07-08,2026-07-08,09:33:51,09:39,29239,1,29257.75,day
7250v30,buy,2026-07-08,2026-07-08,09:50:41,09:54,29147.5,1,29259.75,day
7250v30,sell,2026-07-08,2026-07-08,10:01:01,10:11,29228.25,3,29193.5,day
7250v30,buy,2026-07-08,2026-07-08,10:30:24,10:37,29029,1,29142.75,day
7250v30,buy,2026-07-08,2026-07-08,10:55:16,11:04,29056,1,29134.75,day
7250v30,buy,2026-07-08,2026-07-08,11:35:12,11:40,29240.5,6,29332.75,day
7250v30,sell,2026-07-08,2026-07-08,12:34:53,12:46,29454,1,29359.5,day
7250v30,buy,2026-07-08,2026-07-08,13:40:12,13:56,29367.5,6,29392,day
7250v30,buy,2026-07-08,2026-07-08,14:59:58,15:08,29419.5,1,29434.25,afternoon
7250v30,sell,2026-07-08,2026-07-08,15:08:25,15:40,29446,2,29381.5,afternoon
7250v30,sell,2026-07-08,2026-07-09,19:07:33,19:49,29588,1,29545,asia
7250v30,buy,2026-07-08,2026-07-09,19:49:02,20:41,29457.75,2,29509.75,asia
7250v30,sell,2026-07-08,2026-07-09,21:21:25,22:07,29584,1,29436,asia
7250v30,buy,2026-07-08,2026-07-09,22:07:38,23:37,29391.5,3,29523.25,asia
7250v30,sell,2026-07-09,2026-07-09,01:32:43,02:29,29672.75,1,29658.5,asia
7250v30,buy,2026-07-09,2026-07-09,03:19:07,04:44,29608.75,1,29620.5,europe
7250v30,sell,2026-07-09,2026-07-09,04:44:37,06:04,29674,3,29617.5,europe
7250v30,buy,2026-07-09,2026-07-09,07:27:42,07:54,29710.25,1,29741.5,europe
7250v30,buy,2026-07-09,2026-07-09,10:31:12,10:45,29851.25,3,29896,day
7250v30,sell,2026-07-09,2026-07-09,11:09:48,11:26,29922,2,29898,day
7250v30,buy,2026-07-09,2026-07-09,11:37:35,11:53,29864.25,4,29906.75,day
7250v30,sell,2026-07-09,2026-07-09,12:30:18,12:48,29998.5,2,29991,day
7250v30,buy,2026-07-09,2026-07-09,14:08:26,14:21,29897.75,1,29952.25,afternoon
7250v30,buy,2026-07-09,2026-07-09,14:34:02,14:49,29908.75,1,29943.75,afternoon
7250v30,sell,2026-07-09,2026-07-09,15:00:01,15:12,29976,2,29966.5,afternoon
7250v30,buy,2026-07-09,2026-07-10,20:57:28,22:03,29849.25,3,29957.5,asia
7250v30,sell,2026-07-10,2026-07-10,01:59:44,03:16,29832.75,1,29795,asia
7250v30,buy,2026-07-10,2026-07-10,03:16:36,04:23,29712.25,1,29801.75,europe
7250v30,sell,2026-07-10,2026-07-10,04:23:09,06:00,29868.75,2,29863.75,europe
7250v30,buy,2026-07-10,2026-07-10,07:02:42,07:31,29766.25,1,29841.25,europe
7250v30,sell,2026-07-10,2026-07-10,07:31:02,08:10,29865.75,1,29802.75,europe
7250v30,buy,2026-07-10,2026-07-10,08:10:00,08:30,29786.5,1,29835,europe
7250v30,buy,2026-07-10,2026-07-10,11:41:57,11:59,30005,3,30025,day
7250v30,sell,2026-07-10,2026-07-10,12:37:21,12:57,30077.25,2,30040,day
7250v30,buy,2026-07-10,2026-07-10,13:48:50,14:06,30023.25,3,30061.75,day
7250v30,sell,2026-07-10,2026-07-10,15:03:11,17:00,30078.75,1,30068.5,afternoon
7250v30,sell,2026-07-12,2026-07-13,17:00:00,17:16,29984.5,1,29873.5,asia
7250v30,sell,2026-07-12,2026-07-13,18:20:09,19:06,29991.25,2,29963.5,asia
7250v30,sell,2026-07-12,2026-07-13,20:01:30,20:43,29856.25,1,29811,asia
7250v30,sell,2026-07-12,2026-07-13,21:09:33,22:00,29813.75,1,29716,asia
7250v30,buy,2026-07-13,2026-07-13,00:37:32,01:30,29580.5,1,29646.5,asia
7250v30,buy,2026-07-13,2026-07-13,03:36:16,05:16,29695,1,29748.75,europe
7250v30,sell,2026-07-13,2026-07-13,06:40:43,07:24,29783.75,1,29697.75,europe
7250v30,buy,2026-07-13,2026-07-13,07:24:05,08:04,29650.5,2,29741,europe
7250v30,sell,2026-07-13,2026-07-13,12:21:17,12:38,29550,2,29507,day
7250v30,buy,2026-07-13,2026-07-13,13:21:11,13:36,29449.5,3,29496,day
7250v30,buy,2026-07-13,2026-07-13,14:59:45,15:00,29446,1,29467.75,afternoon
7250v30,sell,2026-07-13,2026-07-13,15:00:58,15:16,29479,2,29415.5,afternoon
7250v30,sell,2026-07-13,2026-07-14,17:06:44,18:32,29479,1,29355,asia
7250v30,buy,2026-07-13,2026-07-14,18:32:58,19:07,29322.25,1,29335.25,asia
7250v30,sell,2026-07-13,2026-07-14,19:07:41,19:34,29480.75,1,29455,asia
7250v30,buy,2026-07-13,2026-07-14,19:34:11,20:10,29394.5,1,29511,asia
7250v30,sell,2026-07-13,2026-07-14,20:10:38,20:57,29533.5,1,29444.75,asia
7250v30,buy,2026-07-13,2026-07-14,20:57:03,21:45,29360.25,1,29450.75,asia
7250v30,buy,2026-07-13,2026-07-14,22:32:49,23:32,29329.25,3,29453,asia
7250v30,sell,2026-07-14,2026-07-14,01:31:25,02:53,29639.25,1,29606.25,asia
7250v30,sell,2026-07-14,2026-07-14,04:16:05,06:04,29638,3,29569.75,europe
7250v30,buy,2026-07-14,2026-07-14,07:29:02,07:32,29648.5,1,29890.25,europe
7250v30,sell,2026-07-14,2026-07-14,07:32:03,07:38,29922.75,2,29840,europe
7250v30,buy,2026-07-14,2026-07-14,08:15:50,08:30,29737.5,1,29811,europe
7250v30,sell,2026-07-14,2026-07-14,10:04:44,10:10,29870.5,1,29853,day
7250v30,buy,2026-07-14,2026-07-14,13:02:54,13:25,29839.5,1,29864.75,day
7250v30,buy,2026-07-14,2026-07-14,13:41:39,14:00,29808,3,29821.75,day
7250v30,sell,2026-07-14,2026-07-14,15:01:01,15:18,29815,2,29788.25,afternoon
7250v30,buy,2026-07-14,2026-07-15,17:45:49,19:01,29753,1,29865.25,asia
7250v30,sell,2026-07-14,2026-07-15,19:01:24,19:50,29943,1,29898.5,asia
7250v30,buy,2026-07-14,2026-07-15,19:50:54,20:58,29855,3,29950.75,asia
7250v30,sell,2026-07-15,2026-07-15,00:03:43,01:10,30055,1,30036,asia
7250v30,sell,2026-07-15,2026-07-15,02:26:56,03:18,30010.25,1,29897,europe
7250v30,buy,2026-07-15,2026-07-15,03:18:04,05:21,29867,1,29932.5,europe
7250v30,sell,2026-07-15,2026-07-15,05:21:35,07:10,29958,1,29880.5,europe
7250v30,buy,2026-07-15,2026-07-15,07:10:24,07:42,29851.25,1,29963.25,europe
7250v30,sell,2026-07-15,2026-07-15,07:42:47,08:11,30004.75,1,29964.25,europe
7250v30,buy,2026-07-15,2026-07-15,10:45:06,10:54,29555,1,29576.75,day
7250v30,buy,2026-07-15,2026-07-15,13:54:25,14:04,29590,1,29654.25,day
7250v30,buy,2026-07-15,2026-07-15,14:34:55,14:45,29603.5,1,29681,afternoon
7250v30,sell,2026-07-15,2026-07-15,15:02:55,15:50,29742,2,29720,afternoon
7250v30,sell,2026-07-15,2026-07-16,18:21:21,19:30,29768.25,1,29663.75,asia
7250v30,buy,2026-07-15,2026-07-16,20:30:17,21:39,29588.5,2,29697.25,asia
7250v30,buy,2026-07-16,2026-07-16,00:44:39,01:35,29641.5,1,29663,asia
7250v30,sell,2026-07-16,2026-07-16,01:35:41,02:54,29699,1,29570,asia
7250v30,buy,2026-07-16,2026-07-16,03:55:38,05:17,29509.5,1,29536.25,europe
7250v30,sell,2026-07-16,2026-07-16,05:17:48,06:31,29560.75,2,29452,europe
7250v30,buy,2026-07-16,2026-07-16,08:12:49,08:30,29436.75,1,29465.75,europe
7250v30,sell,2026-07-16,2026-07-17,17:21:50,18:36,29172.5,1,29064.75,asia
7250v30,buy,2026-07-16,2026-07-17,18:36:47,19:28,29016.5,1,29022,asia
7250v30,sell,2026-07-16,2026-07-17,19:28:22,20:04,29110.5,2,29099.5,asia
7250v30,buy,2026-07-16,2026-07-17,21:43:31,22:40,28897.25,1,28966,asia
7250v30,sell,2026-07-16,2026-07-17,23:20:42,23:59,28864.5,1,28805,asia
7250v30,buy,2026-07-17,2026-07-17,00:48:24,01:27,28717.5,2,28821,asia
7250v30,buy,2026-07-17,2026-07-17,03:06:46,03:27,28572.25,2,28622,europe
7250v30,sell,2026-07-17,2026-07-17,04:01:50,04:54,28733,2,28716,europe
7250v30,sell,2026-07-17,2026-07-17,06:05:03,06:53,28786.75,3,28742.75,europe
7250v30,buy,2026-07-17,2026-07-17,08:06:21,08:26,28591.75,2,28640,europe
7250v30,buy,2026-07-17,2026-07-17,09:52:00,09:57,28743.25,1,28762.5,day
7250v30,sell,2026-07-17,2026-07-17,15:34:47,17:00,28784.75,1,28768.25,afternoon
7250v30,sell,2026-07-19,2026-07-20,17:00:00,17:29,28823.75,2,28764.25,asia
7250v30,buy,2026-07-19,2026-07-20,18:40:39,19:15,28801,1,28942.75,asia
7250v30,sell,2026-07-19,2026-07-20,19:15:07,20:00,28968.5,2,28871.5,asia
7250v30,buy,2026-07-19,2026-07-20,20:44:06,21:33,28757.75,3,28864,asia
7250v30,sell,2026-07-20,2026-07-20,00:07:10,01:29,28874,1,28795.5,asia
7250v30,buy,2026-07-20,2026-07-20,01:29:42,02:39,28761,1,28912.25,asia
7250v30,sell,2026-07-20,2026-07-20,04:06:43,05:21,29003.25,4,28950.75,europe
7250v30,sell,2026-07-20,2026-07-20,15:32:40,18:02,28808.5,1,28724.25,afternoon
7250v30,sell,2026-07-20,2026-07-21,18:02:15,19:00,28837.5,2,28744,asia
7250v30,sell,2026-07-20,2026-07-21,20:19:06,21:27,28942.75,1,28904.75,asia
7250v30,buy,2026-07-20,2026-07-21,23:42:54,01:03,29011.5,2,29115.25,asia
7250v30,buy,2026-07-21,2026-07-21,03:17:04,04:33,29135.25,1,29174.25,europe
7250v30,sell,2026-07-21,2026-07-21,04:33:51,05:54,29212,1,29167.75,europe
7250v30,sell,2026-07-21,2026-07-21,06:43:00,07:32,29200.25,2,29131,europe
7250v30,buy,2026-07-21,2026-07-21,14:38:21,14:50,29309.75,1,29337.25,afternoon
7250v30,buy,2026-07-21,2026-07-21,14:59:57,15:02,29286.5,1,29300.5,afternoon
7250v30,sell,2026-07-21,2026-07-21,15:31:20,18:01,29315.75,1,29265.25,afternoon
7250v30,sell,2026-07-21,2026-07-22,18:01:41,19:22,29342,3,29311.5,asia
7250v30,buy,2026-07-21,2026-07-22,21:44:30,23:01,29185.25,1,29191.25,asia
7250v30,sell,2026-07-21,2026-07-22,23:01:43,00:40,29243.5,1,29159,asia
7250v30,sell,2026-07-22,2026-07-22,01:31:50,02:27,29123.5,2,29118.5,asia
7250v30,buy,2026-07-22,2026-07-22,03:12:58,04:42,29056.5,1,29107.25,europe
7250v30,sell,2026-07-22,2026-07-22,04:42:10,05:59,29178,1,29152.75,europe
7250v30,sell,2026-07-22,2026-07-22,06:43:54,07:21,29084,1,29015.75,europe
7250v30,buy,2026-07-22,2026-07-22,07:21:22,07:46,28990,1,29043,europe
7250v30,sell,2026-07-22,2026-07-22,07:46:25,08:05,29053.75,1,29041.25,europe
7250v30,buy,2026-07-22,2026-07-22,13:03:31,13:16,29217.25,1,29229.25,day
7250v30,sell,2026-07-22,2026-07-23,17:02:53,18:01,29112,2,29076.5,asia
7250v30,buy,2026-07-22,2026-07-23,19:41:47,20:33,29202.25,2,29230.5,asia
7250v30,sell,2026-07-22,2026-07-23,21:22:48,22:11,29131.75,1,29033,asia
7250v30,buy,2026-07-22,2026-07-23,22:11:24,23:12,29026,1,29116.5,asia
7250v30,sell,2026-07-22,2026-07-23,23:12:58,00:29,29170.25,3,29162,asia
7250v30,buy,2026-07-23,2026-07-23,03:03:13,03:58,28961.25,2,29098,europe
7250v30,sell,2026-07-23,2026-07-23,05:13:12,06:18,29127.25,3,29051.25,europe
7250v30,buy,2026-07-23,2026-07-23,08:11:50,08:23,28695.25,1,28701,europe
7250v30,buy,2026-07-23,2026-07-23,09:51:45,09:56,28572.25,1,28595.5,day
7250v30,sell,2026-07-23,2026-07-23,12:26:09,12:37,28678,1,28593.25,day
7250v30,sell,2026-07-23,2026-07-23,15:40:28,17:27,28762,1,28662,afternoon
7250v30,sell,2026-07-23,2026-07-24,17:27:03,18:42,28741,1,28682,asia
7250v30,buy,2026-07-23,2026-07-24,18:42:16,19:18,28610.75,1,28639.5,asia
7250v30,sell,2026-07-23,2026-07-24,20:08:03,21:11,28706.5,2,28630.75,asia
7250v30,buy,2026-07-23,2026-07-24,22:11:13,23:03,28465,1,28474,asia
7250v30,sell,2026-07-24,2026-07-24,00:14:44,01:23,28612,1,28549.25,asia
7250v30,buy,2026-07-24,2026-07-24,01:23:52,02:12,28476,1,28625,asia
7250v30,sell,2026-07-24,2026-07-24,02:12:55,03:11,28668,1,28568,europe
7250v30,buy,2026-07-24,2026-07-24,03:11:05,04:21,28551.5,1,28651,europe
7250v30,sell,2026-07-24,2026-07-24,04:21:46,05:34,28711.25,1,28665,europe
7250v30,buy,2026-07-24,2026-07-24,09:41:16,09:46,28249.5,1,28264,day
7250v30,sell,2026-07-26,2026-07-27,17:00:00,17:25,28687.25,1,28622.75,asia
7250v30,buy,2026-07-26,2026-07-27,18:49:23,19:15,28610,1,28655.75,asia
7250v30,buy,2026-07-26,2026-07-27,20:38:33,21:41,28566.75,3,28653.25,asia
7250v30,buy,2026-07-27,2026-07-27,03:52:50,05:20,28713.25,1,28741.5,europe
7250v30,sell,2026-07-27,2026-07-27,05:20:04,06:33,28763,1,28660.75,europe
7250v30,sell,2026-07-27,2026-07-27,11:26:22,11:31,28204.75,1,28189.75,day
7250v30,sell,2026-07-27,2026-07-28,18:19:12,19:15,28200,1,28122.25,asia
7250v30,sell,2026-07-27,2026-07-28,20:01:15,20:30,28083.25,1,28058.5,asia
7250v30,sell,2026-07-27,2026-07-28,21:24:57,22:15,28027.75,1,27981.75,asia
7250v30,buy,2026-07-27,2026-07-28,22:15:48,22:57,27946.5,2,28037,asia
7250v30,sell,2026-07-28,2026-07-28,00:21:24,01:04,27948,1,27865.5,asia
7250v30,buy,2026-07-28,2026-07-28,01:04:24,01:39,27834.5,1,27914.75,asia
7250v30,sell,2026-07-28,2026-07-28,01:39:24,02:31,27994,2,27937.75,asia
7250v30,sell,2026-07-28,2026-07-28,05:14:40,06:01,27985.5,3,27926,europe
7250v30,buy,2026-07-28,2026-07-28,09:00:43,09:04,27687,1,27718.75,day
7250v30,sell,2026-07-28,2026-07-28,10:18:56,10:22,27971,1,27950.5,day
7250v30,sell,2026-07-28,2026-07-28,11:05:55,11:12,28061.25,1,28015.75,day
7250v30,buy,2026-07-28,2026-07-29,18:44:20,19:00,27944,1,28101,asia
7250v30,sell,2026-07-28,2026-07-29,21:01:26,21:32,27917.75,1,27897.75,asia
7250v30,buy,2026-07-28,2026-07-29,21:32:25,22:21,27783,1,27817,asia
7250v30,sell,2026-07-28,2026-07-29,23:06:03,23:50,27725,1,27690,asia
7250v30,buy,2026-07-28,2026-07-29,23:50:16,00:29,27680,1,27812.25,asia
7250v30,sell,2026-07-29,2026-07-29,00:29:27,01:19,27857.75,1,27781.75,asia
7250v30,buy,2026-07-29,2026-07-29,01:19:11,02:00,27750.25,1,27931.5,asia
7250v30,sell,2026-07-29,2026-07-29,02:00:22,02:55,27967.75,2,27893.25,europe
7250v30,buy,2026-07-29,2026-07-29,03:46:46,04:49,27891,1,28031,europe
7250v30,sell,2026-07-29,2026-07-29,04:49:04,05:37,28065,1,27973.5,europe
7250v30,buy,2026-07-29,2026-07-29,05:37:21,06:26,27926.5,1,28009.75,europe
7250v30,sell,2026-07-29,2026-07-29,06:26:37,07:16,28027.25,1,27907.25,europe
7250v30,sell,2026-07-29,2026-07-29,13:02:03,13:05,27893.5,1,27804.75,day
7250v30,buy,2026-07-29,2026-07-30,17:52:20,18:28,27413.75,1,27535.5,asia
7250v30,sell,2026-07-29,2026-07-30,18:28:35,19:02,27564.25,1,27490.5,asia
7250v30,buy,2026-07-29,2026-07-30,19:54:38,20:21,27505.25,1,27583.75,asia
7250v30,sell,2026-07-29,2026-07-30,21:00:48,21:45,27692.5,1,27590.25,asia
7250v30,buy,2026-07-29,2026-07-30,22:30:09,23:27,27454.5,1,27532,asia
7250v30,sell,2026-07-29,2026-07-30,23:27:42,00:31,27548.75,1,27484.25,asia
7250v30,buy,2026-07-30,2026-07-30,00:31:36,01:40,27438,1,27443,asia
7250v30,sell,2026-07-30,2026-07-30,01:40:28,02:20,27526.75,2,27421.25,asia
7250v30,sell,2026-07-30,2026-07-30,04:38:16,05:29,27632.25,3,27615.75,europe
7250v30,sell,2026-07-30,2026-07-30,08:51:09,08:53,28130.5,2,28095.5,day
7250v30,buy,2026-07-30,2026-07-30,09:55:29,09:59,28017.5,1,28082,day
7250v30,sell,2026-07-30,2026-07-30,10:10:28,10:15,28106,1,28016.5,day
7250v30,buy,2026-07-30,2026-07-30,14:54:39,14:57,28197.5,1,28232.5,afternoon
7250v30,buy,2026-07-30,2026-07-30,14:59:56,15:01,28200.5,1,28290,afternoon
7250v30,sell,2026-07-30,2026-07-30,15:35:52,17:04,28418.75,1,28405,afternoon
7250v30,sell,2026-07-30,2026-07-31,18:01:24,19:02,28450,1,28414,asia
7250v30,sell,2026-07-30,2026-07-31,20:25:35,21:09,28576.5,2,28460.75,asia
7250v30,buy,2026-07-30,2026-07-31,22:07:31,23:24,28393,1,28494.5,asia
7250v30,buy,2026-07-31,2026-07-31,00:41:08,01:35,28495,1,28500.25,asia
7250v30,sell,2026-07-31,2026-07-31,01:35:44,02:05,28519,1,28481,asia
7250v30,buy,2026-07-31,2026-07-31,03:47:05,04:38,28530,1,28535,europe
7250v30,sell,2026-07-31,2026-07-31,04:38:56,05:53,28596.25,1,28568.25,europe
7250v30,buy,2026-07-31,2026-07-31,05:53:47,06:47,28518,1,28536.5,europe
7250v30,sell,2026-07-31,2026-07-31,10:56:06,11:02,28313.5,1,28293,day
7250v30,buy,2026-08-02,2026-08-03,18:33:19,19:10,28549.5,1,28602,asia
7250v30,sell,2026-08-02,2026-08-03,23:05:13,01:03,28693.5,1,28655.25,asia
7250v30,sell,2026-08-03,2026-08-03,02:10:19,03:07,28639.5,1,28536.75,europe
7250v30,sell,2026-08-03,2026-08-03,05:09:36,06:12,28552,2,28486.5,europe
7250v30,buy,2026-08-03,2026-08-03,09:33:30,09:39,28666.5,1,28723.75,day
7250v30,buy,2026-08-03,2026-08-03,14:30:41,14:42,28894.5,1,28908.5,afternoon
7250v30,buy,2026-08-03,2026-08-04,18:37:02,19:27,28895.5,1,28908.75,asia
7250v30,buy,2026-08-03,2026-08-04,22:00:02,23:11,28926.75,1,28974.5,asia
7250v30,sell,2026-08-03,2026-08-04,23:11:55,00:51,29079.75,1,29052,asia
7250v30,buy,2026-08-04,2026-08-04,00:51:27,02:04,29037.5,1,29095.25,asia
7250v30,sell,2026-08-04,2026-08-04,02:52:11,03:48,29136.5,1,29065.75,europe
7250v30,sell,2026-08-04,2026-08-04,04:53:21,05:48,29148,1,29138.25,europe
7250v30,buy,2026-08-04,2026-08-04,05:48:27,06:39,29098.25,1,29161.75,europe
7250v30,sell,2026-08-04,2026-08-04,08:35:33,08:37,29418,1,29366.75,day
7250v30,sell,2026-08-04,2026-08-04,12:48:45,12:55,29903.75,1,29835.5,day
7250v30,buy,2026-08-04,2026-08-05,17:41:32,18:53,29787.25,2,29844.75,asia
7250v30,buy,2026-08-04,2026-08-05,21:30:52,23:13,29838,1,29888.25,asia
7250v30,buy,2026-08-05,2026-08-05,00:39:05,01:32,29920.5,1,29950.75,asia
7250v30,sell,2026-08-05,2026-08-05,02:35:37,03:27,29931,1,29821.25,europe
7250v30,sell,2026-08-05,2026-08-05,04:18:12,05:14,29898.5,1,29841.5,europe
7250v30,buy,2026-08-05,2026-08-05,09:54:12,09:58,29787,1,29853.75,day
7250v30,buy,2026-08-05,2026-08-06,18:37:27,19:25,29541.75,1,29604.5,asia
7250v30,buy,2026-08-05,2026-08-06,21:43:41,22:49,29520,2,29566,asia
7250v30,sell,2026-08-06,2026-08-06,00:28:25,01:30,29588.75,1,29526,asia
7250v30,buy,2026-08-06,2026-08-06,09:03:18,09:07,29483,1,29575,day
7250v30,sell,2026-08-06,2026-08-06,11:11:16,11:18,29525.25,1,29478.25,day
7250v30,sell,2026-08-06,2026-08-07,18:00:38,19:18,29623.75,1,29531.75,asia
7250v30,buy,2026-08-06,2026-08-07,21:30:08,23:10,29470.5,1,29494.25,asia
7250v30,sell,2026-08-07,2026-08-07,04:09:19,06:11,29654,1,29640.25,europe
7250v30,buy,2026-08-09,2026-08-10,17:48:12,19:08,29791.25,1,29871.25,asia
7250v30,buy,2026-08-09,2026-08-10,23:41:19,01:20,29862.25,2,29940.25,asia
7250v30,sell,2026-08-10,2026-08-10,04:39:03,06:15,29964,1,29876,europe
7250v30,sell,2026-08-11,2026-08-11,00:05:36,01:32,29859.25,1,29757,asia
7250v30,sell,2026-08-11,2026-08-11,04:03:23,05:39,29837.75,1,29804.25,europe
7250v30,buy,2026-08-11,2026-08-11,05:39:54,06:23,29796.75,1,29838.25,europe
7250v30,sell,2026-08-11,2026-08-11,10:33:56,10:40,29705.25,1,29669.25,day
7250v30,buy,2026-08-11,2026-08-12,22:09:47,01:05,29663.25,1,29722,asia
7250v30,sell,2026-08-12,2026-08-12,04:29:16,05:51,29850.25,1,29811.25,europe
7250v30,sell,2026-08-12,2026-08-12,14:59:59,15:07,29911,1,29875.75,afternoon
7250v30,sell,2026-08-13,2026-08-13,04:05:08,06:28,29897.25,1,29862,europe
7250v30,sell,2026-08-13,2026-08-13,08:25:04,08:30,29925,1,29911,europe
7250v30,sell,2026-08-13,2026-08-13,08:37:00,08:40,30051.75,2,30046,day
7250v30,buy,2026-08-13,2026-08-13,09:50:53,09:57,30194.5,1,30212.75,day
7250v30,buy,2026-08-13,2026-08-14,23:34:45,01:54,30122.75,1,30171.75,asia
7250v30,buy,2026-08-14,2026-08-14,05:52:06,07:10,30232.25,1,30265,europe
7250v30,sell,2026-08-17,2026-08-17,14:39:51,14:51,30128,1,30100.5,afternoon
7250v30,buy,2026-08-17,2026-08-18,22:38:02,23:30,29865.25,1,29909.25,asia
7250v30,sell,2026-08-18,2026-08-18,04:51:38,06:00,29757.75,1,29744.75,europe
7250v30,buy,2026-08-18,2026-08-18,11:34:20,11:44,29608.25,1,29626.5,day
7250v30,buy,2026-08-18,2026-08-19,17:51:40,19:00,29509.25,1,29526,asia
7250v30,sell,2026-08-19,2026-08-19,07:50:23,07:59,29762.25,1,29742.75,europe
7250v30,buy,2026-08-19,2026-08-19,08:42:19,08:45,29560.5,1,29619,day
7250v30,sell,2026-08-19,2026-08-19,10:01:35,10:08,29634.75,1,29587,day
7250v30,buy,2026-08-20,2026-08-20,08:41:05,08:44,29394.75,1,29452,day
7250v30,buy,2026-08-20,2026-08-20,08:52:56,08:55,29303.75,1,29356.25,day
7250v30,buy,2026-08-20,2026-08-20,13:07:29,13:15,29210,1,29220,day
7250v30,sell,2026-08-20,2026-08-20,14:36:23,14:45,29340.25,1,29308.5,afternoon
7250v30,sell,2026-08-21,2026-08-21,11:27:44,11:45,29430.5,1,29403.25,day
7250v30,buy,2026-08-24,2026-08-24,05:41:13,06:36,29140.75,1,29247,europe
7250v30,buy,2026-08-24,2026-08-25,22:52:03,00:22,29146.75,1,29220.5,asia
7250v30,buy,2026-08-25,2026-08-25,09:23:30,09:28,29204.25,1,29235.25,day
7250v30,sell,2026-08-25,2026-08-25,09:39:37,09:44,29270,1,29219,day
7250v30,sell,2026-08-25,2026-08-25,10:00:26,10:08,29232.25,1,29208.5,day
7250v30,sell,2026-08-25,2026-08-25,10:35:20,10:44,29306.75,1,29268.5,day
7250v30,sell,2026-08-25,2026-08-25,14:35:20,14:48,29262.75,1,29243.75,afternoon
7250v30,buy,2026-08-26,2026-08-27,17:51:50,19:00,29580,1,29637.75,asia
7250v30,buy,2026-08-27,2026-08-27,08:58:47,09:01,29440.75,1,29512.5,day
7250v30,sell,2026-08-27,2026-08-27,12:16:23,12:29,29683.5,1,29640,day
7250v30,sell,2026-08-27,2026-08-27,14:31:54,14:45,29638.5,1,29630.75,afternoon
7250v30,buy,2026-08-28,2026-08-28,08:33:45,08:36,29571.25,1,29612,day
7250v30,buy,2026-08-28,2026-08-28,09:06:31,09:09,29554,1,29606.25,day
7250v30,buy,2026-08-28,2026-08-28,09:11:54,09:14,29500,1,29534,day
7250v30,sell,2026-08-28,2026-08-28,11:09:24,11:15,29598,1,29564.75,day
7250v30,sell,2026-08-31,2026-08-31,12:15:53,12:33,29439,1,29401,day
7250v30,sell,2026-08-31,2026-08-31,14:35:54,14:45,29488.25,1,29480.25,afternoon
7250v30,buy,2026-09-01,2026-09-01,03:59:42,04:38,29180.5,1,29190,europe
7250v30,buy,2026-09-01,2026-09-01,08:31:15,08:33,29057.75,1,29105.25,day
7250v30,sell,2026-09-01,2026-09-01,10:49:01,10:58,29322.75,1,29291.75,day
7250v30,sell,2026-09-02,2026-09-02,12:44:22,12:58,29178.75,1,29159.5,day
7250v30,sell,2026-09-02,2026-09-02,13:22:58,13:40,29180,2,29140,day
7250v30,sell,2026-09-02,2026-09-02,14:35:00,14:50,29192.5,1,29185,afternoon
7250v30,sell,2026-09-03,2026-09-03,10:05:15,10:10,29450.5,1,29430.5,day
7250v30,buy,2026-09-04,2026-09-04,08:51:25,08:55,29604.75,1,29675.25,day
7250v30,sell,2026-09-04,2026-09-04,12:32:21,12:44,29509.5,1,29486.5,day
6750v30,sell,2026-07-07,2026-07-07,08:30:53,08:33,29666.75,10,29603.75,day
6750v30,buy,2026-07-07,2026-07-07,09:05:48,09:10,29409,2,29425.5,day
6750v30,buy,2026-07-07,2026-07-07,09:15:25,09:18,29302,2,29358.25,day
6750v30,buy,2026-07-07,2026-07-07,09:26:29,09:30,29254.75,1,29309.75,day
6750v30,buy,2026-07-07,2026-07-07,09:44:21,09:48,29222,3,29274.75,day
6750v30,sell,2026-07-07,2026-07-07,10:12:16,10:18,29363,2,29285.75,day
6750v30,buy,2026-07-07,2026-07-07,10:43:55,10:49,29290.25,3,29348,day
6750v30,buy,2026-07-07,2026-07-07,11:36:19,11:45,29481.25,3,29539,day
6750v30,buy,2026-07-07,2026-07-07,12:23:23,12:36,29519.25,1,29567,day
6750v30,sell,2026-07-07,2026-07-07,13:19:16,13:30,29566,1,29517,day
6750v30,buy,2026-07-07,2026-07-07,13:41:54,13:49,29413.75,1,29424.75,day
6750v30,buy,2026-07-07,2026-07-07,14:09:02,14:17,29289.75,3,29295,afternoon
6750v30,buy,2026-07-07,2026-07-07,14:38:49,14:48,29298.75,2,29330.25,afternoon
6750v30,buy,2026-07-07,2026-07-07,14:59:57,15:01,29382.75,1,29398.75,afternoon
6750v30,buy,2026-07-07,2026-07-07,15:15:00,17:03,29314.5,1,29359.5,afternoon
6750v30,buy,2026-07-07,2026-07-08,19:29:59,19:59,29402.25,1,29542.5,asia
6750v30,buy,2026-07-08,2026-07-08,03:44:32,04:01,28984.75,1,29018.25,europe
6750v30,buy,2026-07-08,2026-07-08,04:20:53,05:00,28918.75,1,28976.5,europe
6750v30,sell,2026-07-08,2026-07-08,08:23:25,08:30,29235,1,29202.25,europe
6750v30,buy,2026-07-08,2026-07-08,09:00:29,09:05,29292.5,1,29333,day
6750v30,buy,2026-07-08,2026-07-08,09:11:43,09:16,29230.25,1,29253,day
6750v30,buy,2026-07-08,2026-07-08,09:33:35,09:38,29239,1,29264.25,day
6750v30,buy,2026-07-08,2026-07-08,09:49:26,09:53,29146,1,29258.25,day
6750v30,sell,2026-07-08,2026-07-08,10:06:24,10:14,29221.5,3,29143.25,day
6750v30,buy,2026-07-08,2026-07-08,10:32:18,10:38,29060.75,1,29132,day
6750v30,buy,2026-07-08,2026-07-08,10:45:58,10:55,29046.25,2,29097.5,day
6750v30,sell,2026-07-08,2026-07-08,11:04:38,11:11,29216,1,29188.75,day
6750v30,sell,2026-07-08,2026-07-08,11:20:10,11:26,29303,1,29277.25,day
6750v30,buy,2026-07-08,2026-07-08,11:33:28,11:39,29240.5,7,29279,day
6750v30,sell,2026-07-08,2026-07-08,12:38:56,12:48,29439.25,1,29353.25,day
6750v30,sell,2026-07-08,2026-07-08,13:10:01,13:25,29434.25,2,29385.75,day
6750v30,buy,2026-07-08,2026-07-08,13:38:35,13:53,29367.5,6,29409.5,day
6750v30,buy,2026-07-08,2026-07-08,15:00:14,15:15,29398.75,2,29420.75,afternoon
6750v30,buy,2026-07-08,2026-07-09,19:09:13,19:49,29507.5,2,29545,asia
6750v30,buy,2026-07-09,2026-07-09,01:09:30,02:07,29583,1,29618.5,asia
6750v30,buy,2026-07-09,2026-07-09,03:46:02,05:21,29608.75,1,29657.25,europe
6750v30,sell,2026-07-09,2026-07-09,05:21:46,06:20,29668,3,29630,europe
6750v30,sell,2026-07-09,2026-07-09,08:25:20,08:30,29763,1,29745.25,europe
6750v30,sell,2026-07-09,2026-07-09,10:06:55,10:15,29872.5,1,29867.25,day
6750v30,sell,2026-07-09,2026-07-09,10:23:47,10:34,29891.25,1,29864.25,day
6750v30,buy,2026-07-09,2026-07-09,10:34:55,10:47,29853.75,3,29887.5,day
6750v30,sell,2026-07-09,2026-07-09,11:10:59,11:26,29922,2,29898,day
6750v30,buy,2026-07-09,2026-07-09,11:36:51,11:50,29863.75,4,29899.5,day
6750v30,sell,2026-07-09,2026-07-09,12:38:37,12:58,29997.25,4,29955.5,day
6750v30,buy,2026-07-09,2026-07-09,14:11:13,14:23,29897.75,1,29946.5,afternoon
6750v30,buy,2026-07-09,2026-07-09,14:34:28,14:48,29908.75,1,29943,afternoon
6750v30,buy,2026-07-09,2026-07-09,15:05:36,15:45,29927,2,29934.75,afternoon
6750v30,sell,2026-07-09,2026-07-10,18:01:31,19:08,29969.25,1,29874.5,asia
6750v30,buy,2026-07-09,2026-07-10,19:42:11,20:17,29803,1,29849.75,asia
6750v30,buy,2026-07-09,2026-07-10,21:16:14,22:27,29849.25,2,29929,asia
6750v30,sell,2026-07-10,2026-07-10,00:10:03,01:16,29902,1,29821,asia
6750v30,buy,2026-07-10,2026-07-10,01:16:02,01:59,29770.25,1,29824.5,asia
6750v30,buy,2026-07-10,2026-07-10,03:11:10,04:12,29712.25,3,29791.75,europe
6750v30,buy,2026-07-10,2026-07-10,07:14:41,07:57,29811.5,1,29821,europe
6750v30,sell,2026-07-10,2026-07-10,08:27:11,08:30,29843.25,1,29835,europe
6750v30,buy,2026-07-10,2026-07-10,11:39:27,11:55,30003.25,1,30017.25,day
6750v30,buy,2026-07-10,2026-07-10,12:14:12,12:31,29991.5,1,30054,day
6750v30,sell,2026-07-10,2026-07-10,12:31:31,12:48,30077.25,4,30062.25,day
6750v30,buy,2026-07-10,2026-07-10,13:32:49,13:55,30023.25,3,30038.5,day
6750v30,buy,2026-07-10,2026-07-10,15:01:36,15:50,30031,1,30061.75,afternoon
6750v30,sell,2026-07-12,2026-07-13,17:00:00,17:14,29984.5,1,29862,asia
6750v30,buy,2026-07-12,2026-07-13,19:03:08,19:24,29943.5,1,29997.75,asia
6750v30,buy,2026-07-12,2026-07-13,19:52:31,20:24,29783.75,1,29820.25,asia
6750v30,sell,2026-07-12,2026-07-13,20:24:10,20:56,29848.25,1,29743,asia
6750v30,buy,2026-07-12,2026-07-13,20:56:17,21:29,29722,1,29800,asia
6750v30,sell,2026-07-13,2026-07-13,00:10:03,00:43,29698.75,1,29638,asia
6750v30,buy,2026-07-13,2026-07-13,00:43:47,01:37,29580.5,4,29611,asia
6750v30,sell,2026-07-13,2026-07-13,05:06:27,06:25,29804.75,2,29763,europe
6750v30,buy,2026-07-13,2026-07-13,07:14:40,07:50,29650.5,1,29713.75,europe
6750v30,sell,2026-07-13,2026-07-13,12:45:25,12:58,29531.25,1,29483,day
6750v30,sell,2026-07-13,2026-07-13,13:25:14,13:38,29514,1,29502,day
6750v30,buy,2026-07-13,2026-07-13,13:38:36,13:53,29481.5,2,29508.25,day
6750v30,buy,2026-07-13,2026-07-13,14:59:57,15:06,29446,1,29466.25,afternoon
6750v30,buy,2026-07-13,2026-07-13,15:23:20,17:33,29415,1,29436.25,afternoon
6750v30,buy,2026-07-13,2026-07-14,19:09:59,19:34,29352.75,2,29455,asia
6750v30,sell,2026-07-13,2026-07-14,20:07:18,20:48,29540.75,1,29501.5,asia
6750v30,sell,2026-07-13,2026-07-14,21:36:19,22:23,29461,1,29341.25,asia
6750v30,buy,2026-07-13,2026-07-14,22:23:53,23:05,29323,2,29439,asia
6750v30,buy,2026-07-14,2026-07-14,01:06:52,02:06,29540.5,1,29594,asia
6750v30,sell,2026-07-14,2026-07-14,02:06:07,03:16,29626.25,1,29602,europe
6750v30,buy,2026-07-14,2026-07-14,03:16:20,04:52,29552.75,1,29605.75,europe
6750v30,sell,2026-07-14,2026-07-14,06:14:38,06:54,29675.5,2,29650.5,europe
6750v30,sell,2026-07-14,2026-07-14,07:32:14,07:38,29922.75,3,29838,europe
6750v30,sell,2026-07-14,2026-07-14,10:08:27,10:15,29872.25,1,29856.25,day
6750v30,sell,2026-07-14,2026-07-14,13:13:51,13:36,29883.25,1,29865.75,day
6750v30,buy,2026-07-14,2026-07-14,14:04:18,14:17,29775,1,29822.25,afternoon
6750v30,buy,2026-07-14,2026-07-14,14:30:09,14:43,29766,1,29810,afternoon
6750v30,buy,2026-07-14,2026-07-14,15:00:25,15:11,29767.5,2,29784,afternoon
6750v30,buy,2026-07-14,2026-07-15,19:33:22,20:27,29836,1,29930,asia
6750v30,sell,2026-07-14,2026-07-15,20:27:45,21:38,29987,1,29979.5,asia
6750v30,buy,2026-07-14,2026-07-15,23:29:40,00:26,29976.5,1,29987,asia
6750v30,buy,2026-07-15,2026-07-15,01:42:01,02:32,29923,1,29954,asia
6750v30,buy,2026-07-15,2026-07-15,03:25:49,05:24,29879,1,29911.25,europe
6750v30,sell,2026-07-15,2026-07-15,05:24:16,07:10,29958,1,29880.5,europe
6750v30,buy,2026-07-15,2026-07-15,07:10:24,07:41,29851.25,1,29931.75,europe
6750v30,sell,2026-07-15,2026-07-15,07:41:07,08:07,30004.75,1,29988,europe
6750v30,buy,2026-07-15,2026-07-15,14:31:00,14:38,29603.5,1,29650,afternoon
6750v30,buy,2026-07-15,2026-07-15,15:02:55,15:40,29659,1,29714.75,afternoon
6750v30,sell,2026-07-15,2026-07-16,20:10:44,21:12,29690.75,1,29633,asia
6750v30,buy,2026-07-15,2026-07-16,21:12:39,22:19,29624.5,2,29720.75,asia
6750v30,buy,2026-07-16,2026-07-16,01:08:51,02:13,29620,1,29625.25,asia
6750v30,sell,2026-07-16,2026-07-16,02:13:19,03:11,29654.5,1,29507,europe
6750v30,buy,2026-07-16,2026-07-16,03:11:21,04:15,29473.75,2,29630,europe
6750v30,sell,2026-07-16,2026-07-16,06:36:04,07:06,29476,1,29397,europe
6750v30,buy,2026-07-16,2026-07-16,07:06:15,07:38,29360.5,1,29381,europe
6750v30,buy,2026-07-16,2026-07-16,08:09:14,08:30,29426.75,1,29465.75,europe
6750v30,sell,2026-07-16,2026-07-16,12:35:11,12:43,29302.25,1,29234.5,day
6750v30,sell,2026-07-16,2026-07-16,13:25:10,13:37,29308.25,1,29237.5,day
6750v30,sell,2026-07-16,2026-07-17,17:26:14,18:36,29164.25,2,29064.75,asia
6750v30,buy,2026-07-16,2026-07-17,19:59:56,20:43,28975,1,28987.5,asia
6750v30,buy,2026-07-16,2026-07-17,21:29:08,22:22,28897.25,1,29016,asia
6750v30,buy,2026-07-16,2026-07-17,23:38:13,00:24,28769.5,1,28790.5,asia
6750v30,sell,2026-07-17,2026-07-17,00:24:21,01:04,28816.75,1,28766.5,asia
6750v30,buy,2026-07-17,2026-07-17,01:45:24,02:29,28708.5,1,28750.5,asia
6750v30,sell,2026-07-17,2026-07-17,02:29:46,03:13,28764.5,1,28672.5,europe
6750v30,buy,2026-07-17,2026-07-17,03:13:06,03:30,28572.25,4,28614.75,europe
6750v30,sell,2026-07-17,2026-07-17,05:24:06,06:00,28830.5,3,28774.5,europe
6750v30,buy,2026-07-17,2026-07-17,07:22:51,07:56,28640.5,1,28672.75,europe
6750v30,buy,2026-07-17,2026-07-17,08:20:30,08:29,28576,1,28588.75,europe
6750v30,sell,2026-07-19,2026-07-20,17:00:00,17:26,28823.75,2,28768,asia
6750v30,buy,2026-07-19,2026-07-20,19:45:11,20:29,28815.5,1,28820.5,asia
6750v30,sell,2026-07-19,2026-07-20,20:29:25,21:10,28894,1,28864.75,asia
6750v30,buy,2026-07-19,2026-07-20,21:10:16,22:06,28788,1,28862,asia
6750v30,buy,2026-07-19,2026-07-20,23:25:14,00:37,28807.75,2,28833,asia
6750v30,buy,2026-07-20,2026-07-20,02:57:03,04:26,28849,2,28909.5,europe
6750v30,sell,2026-07-20,2026-07-20,05:29:01,06:30,29039.5,3,29027,europe
6750v30,buy,2026-07-20,2026-07-20,07:13:40,08:00,28986.5,1,29033,europe
6750v30,sell,2026-07-20,2026-07-21,18:10:31,19:02,28837.5,1,28725.75,asia
6750v30,buy,2026-07-20,2026-07-21,19:02:44,19:33,28702.25,2,28856.25,asia
6750v30,sell,2026-07-20,2026-07-21,20:15:25,21:18,28942.75,1,28877.25,asia
6750v30,buy,2026-07-21,2026-07-21,00:41:13,01:33,29066.5,4,29127,asia
6750v30,sell,2026-07-21,2026-07-21,05:10:30,06:13,29212,3,29157,europe
6750v30,buy,2026-07-21,2026-07-21,14:39:58,14:50,29309.75,1,29344.25,afternoon
6750v30,buy,2026-07-21,2026-07-21,14:59:54,15:00,29289.25,1,29294.25,afternoon
6750v30,sell,2026-07-21,2026-07-22,17:12:29,19:00,29313,1,29291,asia
6750v30,buy,2026-07-21,2026-07-22,19:53:15,20:55,29227,1,29301.25,asia
6750v30,buy,2026-07-21,2026-07-22,22:13:28,23:30,29182.75,1,29219.5,asia
6750v30,buy,2026-07-22,2026-07-22,01:38:01,02:30,29046,1,29098.5,asia
6750v30,buy,2026-07-22,2026-07-22,03:12:58,04:34,29056.5,2,29098.5,europe
6750v30,sell,2026-07-22,2026-07-22,06:41:19,07:11,29084,1,29042.5,europe
6750v30,buy,2026-07-22,2026-07-22,07:11:35,07:35,28990,1,29058.25,europe
6750v30,sell,2026-07-22,2026-07-22,10:10:59,10:20,29323,1,29318,day
6750v30,sell,2026-07-22,2026-07-22,10:28:05,10:37,29340.5,1,29293.5,day
6750v30,sell,2026-07-22,2026-07-22,15:56:06,17:37,29201,1,29062.75,afternoon
6750v30,buy,2026-07-22,2026-07-23,17:37:35,18:44,29016.75,1,29097.75,asia
6750v30,sell,2026-07-22,2026-07-23,20:00:01,20:47,29278.5,1,29192,asia
6750v30,sell,2026-07-22,2026-07-23,21:35:42,22:21,29112.75,1,29061,asia
6750v30,buy,2026-07-22,2026-07-23,22:21:50,23:20,29040.25,3,29118.25,asia
6750v30,buy,2026-07-23,2026-07-23,02:57:47,03:44,28953.25,3,29039.25,europe
6750v30,sell,2026-07-23,2026-07-23,06:35:29,06:59,28990,1,28969,europe
6750v30,sell,2026-07-23,2026-07-23,12:21:37,12:31,28681.75,1,28632.5,day
6750v30,buy,2026-07-23,2026-07-23,14:59:56,15:00,28600.5,1,28679.25,afternoon
6750v30,buy,2026-07-23,2026-07-23,15:41:50,17:24,28619,1,28674.75,afternoon
6750v30,sell,2026-07-23,2026-07-24,17:24:36,18:35,28741,2,28692,asia
6750v30,buy,2026-07-23,2026-07-24,19:55:14,20:51,28623,1,28636.25,asia
6750v30,buy,2026-07-23,2026-07-24,21:48:12,22:39,28503,5,28536.25,asia
6750v30,sell,2026-07-24,2026-07-24,02:19:59,03:23,28668,1,28599.25,europe
6750v30,buy,2026-07-24,2026-07-24,03:23:04,04:30,28577.25,2,28670,europe
6750v30,buy,2026-07-24,2026-07-24,07:12:37,07:47,28613.75,1,28618.75,europe
6750v30,buy,2026-07-24,2026-07-24,09:39:30,09:44,28257.75,1,28297,day
6750v30,sell,2026-07-24,2026-07-24,12:14:19,12:24,28499.5,1,28473.5,day
6750v30,sell,2026-07-26,2026-07-27,17:00:00,17:20,28687.25,3,28639.25,asia
6750v30,sell,2026-07-26,2026-07-27,20:23:32,21:11,28632.75,2,28611.25,asia
6750v30,buy,2026-07-26,2026-07-27,22:32:14,00:27,28587.75,1,28677,asia
6750v30,buy,2026-07-27,2026-07-27,01:44:31,02:57,28667,3,28678.75,asia
6750v30,buy,2026-07-27,2026-07-27,07:26:04,08:04,28626.75,1,28684,europe
6750v30,sell,2026-07-27,2026-07-27,11:26:14,11:31,28204.75,1,28188.25,day
6750v30,sell,2026-07-27,2026-07-28,18:28:29,19:15,28200,1,28125.75,asia
6750v30,sell,2026-07-27,2026-07-28,20:00:24,20:28,28080,2,28051.75,asia
6750v30,buy,2026-07-27,2026-07-28,22:05:34,22:39,27927.5,2,28043.25,asia
6750v30,buy,2026-07-28,2026-07-28,01:20:12,02:01,27844.75,1,27955.5,asia
6750v30,sell,2026-07-28,2026-07-28,02:01:23,02:51,27994,1,27910.5,europe
6750v30,buy,2026-07-28,2026-07-28,02:51:34,03:25,27875,3,27996.5,europe
6750v30,sell,2026-07-28,2026-07-28,05:25:58,06:03,27985.5,3,27901.75,europe
6750v30,buy,2026-07-28,2026-07-28,09:00:47,09:04,27687,1,27728,day
6750v30,sell,2026-07-28,2026-07-28,10:25:14,10:28,28015,1,27968,day
6750v30,sell,2026-07-28,2026-07-29,21:41:13,22:30,27910.75,1,27770,asia
6750v30,buy,2026-07-28,2026-07-29,23:50:16,00:25,27680,1,27822.25,asia
6750v30,sell,2026-07-29,2026-07-29,00:25:10,01:11,27857.75,1,27740,asia
6750v30,buy,2026-07-29,2026-07-29,01:11:43,01:51,27733.25,2,27919.5,asia
6750v30,buy,2026-07-29,2026-07-29,03:27:59,04:22,27819,2,27976,europe
6750v30,sell,2026-07-29,2026-07-29,05:08:29,06:00,28035,2,27952.25,europe
6750v30,sell,2026-07-29,2026-07-29,13:02:57,13:06,27879.5,1,27874.5,day
6750v30,buy,2026-07-29,2026-07-29,14:55:27,14:58,27330.25,1,27337.25,afternoon
6750v30,buy,2026-07-29,2026-07-29,15:04:10,15:08,27196.5,1,27291.5,afternoon
6750v30,buy,2026-07-29,2026-07-29,15:31:03,15:55,27209.5,1,27291,afternoon
6750v30,buy,2026-07-29,2026-07-30,17:31:00,18:09,27409.5,1,27508,asia
6750v30,sell,2026-07-29,2026-07-30,18:09:51,18:44,27564.25,1,27523.75,asia
6750v30,buy,2026-07-29,2026-07-30,19:06:59,19:32,27545.5,1,27572.75,asia
6750v30,sell,2026-07-29,2026-07-30,21:02:11,21:44,27679.25,1,27602.75,asia
6750v30,buy,2026-07-29,2026-07-30,22:26:13,23:17,27462.75,1,27471.5,asia
6750v30,sell,2026-07-30,2026-07-30,00:16:20,01:15,27551.25,1,27456.25,asia
6750v30,buy,2026-07-30,2026-07-30,01:15:28,02:04,27410,1,27513,asia
6750v30,sell,2026-07-30,2026-07-30,02:04:26,02:39,27526,1,27399.5,europe
6750v30,buy,2026-07-30,2026-07-30,04:13:12,05:00,27483.25,1,27505,europe
6750v30,sell,2026-07-30,2026-07-30,05:00:42,05:41,27648,1,27623.75,europe
6750v30,buy,2026-07-30,2026-07-30,05:41:30,06:18,27606,1,27697.25,europe
6750v30,sell,2026-07-30,2026-07-30,06:18:52,06:50,27740,1,27731.5,europe
6750v30,sell,2026-07-30,2026-07-30,08:51:46,08:54,28114.25,2,28096,day
6750v30,buy,2026-07-30,2026-07-30,09:55:29,09:58,28017.5,1,28070.25,day
6750v30,sell,2026-07-30,2026-07-30,10:09:10,10:13,28142.75,1,28032,day
6750v30,buy,2026-07-30,2026-07-30,14:59:58,15:01,28200.5,1,28321.25,afternoon
6750v30,sell,2026-07-30,2026-07-30,15:32:09,17:00,28374.25,1,28327.5,afternoon
6750v30,buy,2026-07-30,2026-07-31,17:38:01,18:46,28357.25,1,28419.75,asia
6750v30,sell,2026-07-30,2026-07-31,18:46:51,19:17,28483.25,1,28453.5,asia
6750v30,buy,2026-07-30,2026-07-31,23:39:13,00:51,28527,3,28575,asia
6750v30,sell,2026-07-31,2026-07-31,02:05:07,02:52,28589.25,1,28558.5,europe
6750v30,buy,2026-07-31,2026-07-31,03:39:45,04:33,28556.5,3,28579.75,europe
6750v30,sell,2026-07-31,2026-07-31,06:29:32,07:14,28565.75,1,28486.5,europe
6750v30,sell,2026-07-31,2026-07-31,08:02:20,08:22,28551,1,28545,europe
6750v30,sell,2026-08-03,2026-08-03,00:06:50,01:35,28666,1,28636,asia
6750v30,buy,2026-08-03,2026-08-03,04:02:26,05:17,28516,1,28529,europe
6750v30,sell,2026-08-03,2026-08-03,05:17:51,06:16,28552,1,28487.75,europe
6750v30,buy,2026-08-03,2026-08-03,14:36:06,14:46,28894.5,1,28908.25,afternoon
6750v30,buy,2026-08-04,2026-08-04,03:55:54,04:58,29002.5,3,29073.5,europe
6750v30,sell,2026-08-04,2026-08-04,12:47:36,12:52,29903.75,1,29845.75,day
6750v30,buy,2026-08-04,2026-08-05,17:45:18,18:56,29787.25,1,29850.5,asia
6750v30,sell,2026-08-04,2026-08-05,18:56:20,19:41,29882,1,29846.75,asia
6750v30,buy,2026-08-04,2026-08-05,22:49:08,00:14,29854.75,1,29935.25,asia
6750v30,buy,2026-08-05,2026-08-05,03:44:04,04:35,29792.75,3,29875,europe
6750v30,buy,2026-08-05,2026-08-05,09:40:30,09:44,29819.75,1,29862,day
6750v30,buy,2026-08-05,2026-08-05,15:10:09,15:22,29558,1,29581.25,afternoon
6750v30,buy,2026-08-05,2026-08-06,21:46:02,22:51,29520,2,29565.25,asia
6750v30,buy,2026-08-06,2026-08-06,04:34:00,06:00,29463,1,29471.5,europe
6750v30,buy,2026-08-06,2026-08-06,10:39:02,10:46,29525.75,1,29556.5,day
6750v30,buy,2026-08-06,2026-08-06,10:55:57,11:01,29481,1,29487.25,day
6750v30,buy,2026-08-06,2026-08-07,21:55:50,23:21,29448.5,3,29510.75,asia
6750v30,buy,2026-08-07,2026-08-07,14:59:57,15:04,29809.5,1,29815,afternoon
6750v30,buy,2026-08-09,2026-08-10,17:40:16,19:02,29791.25,1,29823,asia
6750v30,buy,2026-08-09,2026-08-10,22:45:41,00:52,29858,2,29917.75,asia
6750v30,sell,2026-08-10,2026-08-10,12:16:41,12:37,29816.25,1,29775,day
6750v30,buy,2026-08-10,2026-08-10,14:39:06,14:50,29748.5,1,29754.75,afternoon
6750v30,buy,2026-08-11,2026-08-11,04:32:49,06:01,29745.25,1,29867.25,europe
6750v30,buy,2026-08-11,2026-08-12,22:52:08,01:23,29663.25,1,29701.75,asia
6750v30,sell,2026-08-12,2026-08-12,08:37:59,08:40,29929,1,29880.25,day
6750v30,buy,2026-08-12,2026-08-12,09:04:38,09:09,29842.75,1,29916,day
6750v30,buy,2026-08-12,2026-08-12,09:33:16,09:39,29857,2,29912.25,day
6750v30,buy,2026-08-12,2026-08-13,17:46:53,19:18,29786.75,1,29849,asia
6750v30,buy,2026-08-12,2026-08-13,21:50:36,00:13,29848.75,1,29907,asia
6750v30,buy,2026-08-13,2026-08-13,04:43:20,06:48,29850.5,1,29889,europe
6750v30,sell,2026-08-13,2026-08-13,08:39:32,08:42,30058.5,1,30033.5,day
6750v30,buy,2026-08-13,2026-08-13,10:37:24,10:43,30123.25,1,30167.75,day
6750v30,buy,2026-08-17,2026-08-18,19:01:58,20:21,30078.75,1,30090,asia
6750v30,buy,2026-08-17,2026-08-18,22:50:30,23:46,29865.25,1,29897.75,asia
6750v30,buy,2026-08-18,2026-08-18,03:55:15,04:42,29693.25,1,29716.25,europe
6750v30,buy,2026-08-18,2026-08-18,10:31:11,10:37,29562,1,29573.5,day
6750v30,buy,2026-08-18,2026-08-19,19:03:29,19:31,29445,1,29544,asia
6750v30,buy,2026-08-18,2026-08-19,22:36:44,23:48,29470.5,2,29475.5,asia
6750v30,sell,2026-08-19,2026-08-19,07:52:09,08:01,29759.25,1,29704.25,europe
6750v30,buy,2026-08-19,2026-08-19,08:41:30,08:43,29555.5,1,29618.25,day
6750v30,sell,2026-08-19,2026-08-19,10:01:20,10:07,29634.75,1,29605.75,day
6750v30,sell,2026-08-19,2026-08-19,13:01:04,13:07,29597.5,1,29513.25,day
6750v30,buy,2026-08-20,2026-08-20,08:53:28,08:56,29322.5,1,29399.5,day
6750v30,sell,2026-08-20,2026-08-20,09:01:56,09:05,29387.75,1,29326.75,day
6750v30,sell,2026-08-20,2026-08-20,14:38:35,14:46,29340.25,1,29304,afternoon
6750v30,buy,2026-08-20,2026-08-21,17:35:24,19:06,29281,1,29339.25,asia
6750v30,sell,2026-08-21,2026-08-21,10:04:47,10:11,29373.75,1,29346.5,day
6750v30,sell,2026-08-21,2026-08-21,11:21:42,11:34,29423.25,1,29398.75,day
6750v30,buy,2026-08-23,2026-08-24,17:51:50,19:04,29378.5,1,29438.75,asia
6750v30,sell,2026-08-24,2026-08-24,10:48:05,10:55,29208.5,1,29172.25,day
6750v30,buy,2026-08-24,2026-08-25,23:41:44,00:54,29180,1,29229.25,asia
6750v30,buy,2026-08-25,2026-08-25,02:55:40,03:38,29207.25,1,29275.75,europe
6750v30,sell,2026-08-25,2026-08-25,09:01:17,09:04,29307.75,1,29250,day
6750v30,sell,2026-08-25,2026-08-25,09:32:34,09:37,29254.5,1,29240.5,day
6750v30,sell,2026-08-25,2026-08-25,10:02:19,10:11,29231.5,1,29221.5,day
6750v30,buy,2026-08-25,2026-08-26,21:51:19,22:57,29200,1,29265.75,asia
6750v30,sell,2026-08-26,2026-08-27,21:24:31,22:50,29580.75,1,29540.5,asia
6750v30,sell,2026-08-27,2026-08-27,14:35:10,14:47,29649.5,1,29639.25,afternoon
6750v30,buy,2026-08-28,2026-08-28,08:33:22,08:35,29557.75,1,29602,day
6750v30,sell,2026-08-28,2026-08-28,09:45:07,09:49,29760,1,29742.25,day
6750v30,buy,2026-08-28,2026-08-28,10:40:50,10:44,29658,1,29677.5,day
6750v30,buy,2026-08-28,2026-08-28,10:52:08,10:55,29580.5,1,29589.5,day
6750v30,sell,2026-08-28,2026-08-28,11:09:58,11:15,29596.5,1,29544.25,day
6750v30,sell,2026-08-28,2026-08-28,11:54:56,12:00,29529,1,29454,day
6750v30,sell,2026-08-28,2026-08-28,15:34:41,17:00,29524.25,1,29509.5,afternoon
6750v30,buy,2026-08-30,2026-08-31,23:53:10,00:42,29379.25,1,29444,asia
6750v30,buy,2026-08-31,2026-08-31,08:30:00,08:31,29412.5,1,29495.75,day
6750v30,buy,2026-08-31,2026-08-31,08:36:11,08:39,29386.5,1,29394.5,day
6750v30,buy,2026-08-31,2026-08-31,10:36:49,10:47,29378,1,29407.25,day
6750v30,sell,2026-08-31,2026-08-31,14:37:37,14:46,29490.75,1,29484.25,afternoon
6750v30,buy,2026-08-31,2026-09-01,19:15:36,20:24,29473.25,1,29511.25,asia
6750v30,buy,2026-09-01,2026-09-01,08:40:11,08:42,29035.25,1,29067,day
6750v30,buy,2026-09-01,2026-09-01,10:30:12,10:38,29219.25,1,29256,day
6750v30,sell,2026-09-01,2026-09-01,10:49:22,10:58,29322.75,1,29291.75,day
6750v30,sell,2026-09-02,2026-09-02,00:08:17,01:17,29109.25,1,29030,asia
6750v30,sell,2026-09-02,2026-09-02,12:51:36,13:05,29173.75,1,29165.25,day
6750v30,sell,2026-09-02,2026-09-02,14:36:28,14:50,29196.75,1,29185.75,afternoon
6750v30,sell,2026-09-03,2026-09-03,00:16:52,00:34,29145.25,1,29131.75,asia
6750v30,sell,2026-09-03,2026-09-03,10:05:40,10:10,29450.5,1,29441.5,day
6750v30,sell,2026-09-04,2026-09-04,07:39:36,07:49,29592,1,29519,europe
6750v30,buy,2026-09-04,2026-09-04,10:33:22,10:43,29478.75,1,29521.25,day
6750v30,sell,2026-09-04,2026-09-04,12:36:49,12:46,29503.5,1,29478,day
5250v60,sell,2026-07-07,2026-07-07,08:30:32,08:32,29682.5,10,29653.5,day
5250v60,buy,2026-07-07,2026-07-07,09:35:30,09:38,29235.75,1,29278.5,day
5250v60,buy,2026-07-07,2026-07-07,09:42:11,09:45,29206.75,4,29242,day
5250v60,buy,2026-07-07,2026-07-07,10:01:18,10:06,29266.25,2,29320,day
5250v60,sell,2026-07-07,2026-07-07,10:36:43,10:42,29307.25,1,29295.5,day
5250v60,sell,2026-07-07,2026-07-07,10:47:29,10:52,29383.25,1,29377,day
5250v60,sell,2026-07-07,2026-07-07,11:05:54,11:11,29457,1,29421.25,day
5250v60,buy,2026-07-07,2026-07-07,11:46:43,11:55,29516.5,3,29532.25,day
5250v60,buy,2026-07-07,2026-07-07,12:16:35,12:24,29505,2,29568.5,day
5250v60,sell,2026-07-07,2026-07-07,12:56:18,13:07,29579.25,4,29547.25,day
5250v60,buy,2026-07-07,2026-07-07,13:44:22,13:49,29413.75,1,29440,day
5250v60,buy,2026-07-07,2026-07-07,13:54:02,14:00,29376.75,2,29382,day
5250v60,buy,2026-07-07,2026-07-07,14:11:00,14:17,29289.75,4,29295,afternoon
5250v60,buy,2026-07-07,2026-07-07,14:39:32,14:48,29298.75,1,29312.25,afternoon
5250v60,buy,2026-07-07,2026-07-07,14:53:12,14:56,29331.25,1,29383.75,afternoon
5250v60,buy,2026-07-07,2026-07-07,14:59:57,15:00,29382.75,4,29408.75,afternoon
5250v60,sell,2026-07-07,2026-07-08,19:15:53,19:36,29482.5,1,29431.25,asia
5250v60,sell,2026-07-07,2026-07-08,19:59:18,20:26,29563.75,2,29506,asia
5250v60,sell,2026-07-07,2026-07-08,22:29:13,23:23,29537.25,1,29453.5,asia
5250v60,buy,2026-07-08,2026-07-08,03:25:23,03:33,29030,1,29088,europe
5250v60,buy,2026-07-08,2026-07-08,03:42:28,03:56,28974.5,3,29081.75,europe
5250v60,buy,2026-07-08,2026-07-08,06:03:33,06:43,28968,1,29060,europe
5250v60,sell,2026-07-08,2026-07-08,07:09:15,07:31,29193.5,1,29187.75,europe
5250v60,sell,2026-07-08,2026-07-08,07:56:17,08:08,29244.5,3,29165.75,europe
5250v60,buy,2026-07-08,2026-07-08,11:31:07,11:35,29265.25,3,29293.5,day
5250v60,sell,2026-07-08,2026-07-08,12:33:32,12:43,29456,2,29395.5,day
5250v60,sell,2026-07-08,2026-07-08,13:05:40,13:17,29434.25,1,29390,day
5250v60,buy,2026-07-08,2026-07-08,13:30:22,13:40,29342.5,1,29406.25,day
5250v60,buy,2026-07-08,2026-07-08,14:36:17,14:47,29376,1,29385.75,afternoon
5250v60,buy,2026-07-08,2026-07-08,15:00:03,15:07,29419.5,2,29432.25,afternoon
5250v60,sell,2026-07-08,2026-07-09,17:01:32,18:22,29462.5,1,29405,asia
5250v60,buy,2026-07-08,2026-07-09,18:22:58,19:03,29392.75,1,29526.75,asia
5250v60,sell,2026-07-08,2026-07-09,19:03:30,19:29,29572.75,3,29557,asia
5250v60,sell,2026-07-08,2026-07-09,21:44:52,22:22,29472.75,2,29430.75,asia
5250v60,buy,2026-07-08,2026-07-09,23:32:12,00:16,29503.75,3,29549.25,asia
5250v60,buy,2026-07-09,2026-07-09,02:59:30,03:38,29659,2,29672.25,europe
5250v60,sell,2026-07-09,2026-07-09,04:44:37,05:53,29674,1,29572.5,europe
5250v60,buy,2026-07-09,2026-07-09,05:53:06,06:30,29559.5,1,29643.75,europe
5250v60,sell,2026-07-09,2026-07-09,06:30:40,06:58,29726.75,4,29704,europe
5250v60,sell,2026-07-09,2026-07-09,08:27:45,08:30,29763,1,29745.25,europe
5250v60,sell,2026-07-09,2026-07-09,10:51:44,11:01,29911.5,1,29905,day
5250v60,buy,2026-07-09,2026-07-09,15:45:15,17:27,29901.75,1,29913.25,afternoon
5250v60,sell,2026-07-09,2026-07-10,17:27:58,18:53,29969.25,3,29941.5,asia
5250v60,buy,2026-07-09,2026-07-10,20:54:11,21:42,29849.25,1,29913.25,asia
5250v60,buy,2026-07-09,2026-07-10,22:58:41,00:10,29860.75,2,29868.25,asia
5250v60,sell,2026-07-10,2026-07-10,01:31:50,02:23,29837.5,2,29800,asia
5250v60,buy,2026-07-10,2026-07-10,03:19:18,04:04,29712.25,2,29765,europe
5250v60,sell,2026-07-10,2026-07-10,05:20:36,06:13,29883,1,29867.5,europe
5250v60,sell,2026-07-10,2026-07-10,07:14:41,07:46,29865.75,3,29823.5,europe
5250v60,buy,2026-07-10,2026-07-10,14:59:57,15:03,30026.75,1,30060,afternoon
5250v60,buy,2026-07-10,2026-07-10,15:44:44,17:00,30051.5,1,30068.5,afternoon
5250v60,sell,2026-07-12,2026-07-13,17:00:00,17:09,29984.5,2,29902,asia
5250v60,buy,2026-07-12,2026-07-13,17:40:36,18:40,29864.5,1,29896,asia
5250v60,sell,2026-07-12,2026-07-13,18:40:38,19:04,29991.25,5,29986.25,asia
5250v60,buy,2026-07-12,2026-07-13,20:56:17,21:19,29722,1,29773.5,asia
5250v60,sell,2026-07-12,2026-07-13,21:59:39,22:39,29726.25,1,29703.75,asia
5250v60,buy,2026-07-13,2026-07-13,00:33:20,01:08,29575.5,2,29630,asia
5250v60,buy,2026-07-13,2026-07-13,02:35:09,03:22,29631.75,4,29725,europe
5250v60,sell,2026-07-13,2026-07-13,06:33:59,07:12,29798.5,2,29713.75,europe
5250v60,sell,2026-07-13,2026-07-13,08:08:00,08:29,29739,1,29712,europe
5250v60,buy,2026-07-13,2026-07-13,14:38:39,14:44,29388.25,1,29452.5,afternoon
5250v60,buy,2026-07-13,2026-07-13,14:59:58,15:04,29446,1,29465.25,afternoon
5250v60,buy,2026-07-13,2026-07-13,15:51:25,17:53,29411.25,1,29419.5,afternoon
5250v60,buy,2026-07-13,2026-07-14,17:53:14,18:40,29343,1,29353,asia
5250v60,sell,2026-07-13,2026-07-14,18:40:12,19:04,29457.25,2,29357.25,asia
5250v60,sell,2026-07-13,2026-07-14,19:44:30,20:12,29546.25,2,29500.5,asia
5250v60,sell,2026-07-13,2026-07-14,22:00:31,22:30,29402.5,1,29388.25,asia
5250v60,buy,2026-07-13,2026-07-14,22:30:52,23:05,29329.25,5,29439,asia
5250v60,buy,2026-07-14,2026-07-14,03:10:40,04:16,29552.75,2,29629.5,europe
5250v60,sell,2026-07-14,2026-07-14,06:54:13,07:26,29674.75,1,29667.25,europe
5250v60,buy,2026-07-14,2026-07-14,13:40:20,13:49,29805.5,1,29818.75,day
5250v60,buy,2026-07-14,2026-07-14,15:49:59,18:04,29740.5,1,29777.75,afternoon
5250v60,buy,2026-07-14,2026-07-15,18:04:44,18:57,29770.75,1,29889.25,asia
5250v60,sell,2026-07-14,2026-07-15,19:33:22,20:12,29934.5,1,29875.75,asia
5250v60,buy,2026-07-14,2026-07-15,21:03:21,22:13,29942.25,1,29957.25,asia
5250v60,buy,2026-07-14,2026-07-15,23:38:56,00:16,29987.5,3,30003.75,asia
5250v60,sell,2026-07-15,2026-07-15,02:11:03,02:44,30054.25,1,29980.25,europe
5250v60,buy,2026-07-15,2026-07-15,03:25:49,04:54,29879,1,29930,europe
5250v60,sell,2026-07-15,2026-07-15,04:54:39,06:26,29958,1,29930,europe
5250v60,sell,2026-07-15,2026-07-15,12:58:11,13:05,29720,1,29700.75,day
5250v60,buy,2026-07-15,2026-07-15,15:55:37,17:56,29672,1,29716.5,afternoon
5250v60,buy,2026-07-15,2026-07-16,17:56:59,19:08,29677,1,29725,asia
5250v60,buy,2026-07-15,2026-07-16,21:12:39,22:00,29624.5,1,29726.75,asia
5250v60,sell,2026-07-15,2026-07-16,22:00:13,23:26,29761.25,1,29715.5,asia
5250v60,buy,2026-07-15,2026-07-16,23:26:40,00:35,29675,3,29680,asia
5250v60,sell,2026-07-16,2026-07-16,02:04:17,02:54,29669.25,1,29570,europe
5250v60,buy,2026-07-16,2026-07-16,02:54:20,03:32,29473.75,2,29551.5,europe
5250v60,sell,2026-07-16,2026-07-16,04:36:52,05:36,29612.25,1,29534.75,europe
5250v60,sell,2026-07-16,2026-07-16,06:50:42,07:21,29462.25,2,29427.25,europe
5250v60,sell,2026-07-16,2026-07-17,17:11:37,18:08,29208.25,1,29126,asia
5250v60,buy,2026-07-16,2026-07-17,18:08:12,19:02,29055,1,29103.75,asia
5250v60,sell,2026-07-16,2026-07-17,22:22:59,23:00,29031,1,28908.5,asia
5250v60,buy,2026-07-16,2026-07-17,23:25:29,23:49,28769.5,1,28834.5,asia
5250v60,buy,2026-07-17,2026-07-17,00:31:53,01:01,28720,1,28762,asia
5250v60,buy,2026-07-17,2026-07-17,03:49:37,04:18,28585.75,2,28633.75,europe
5250v60,buy,2026-07-17,2026-07-17,06:13:13,06:51,28708.5,1,28733.25,europe
5250v60,sell,2026-07-17,2026-07-17,11:00:14,11:02,28960.75,1,28904.5,day
5250v60,sell,2026-07-17,2026-07-17,11:50:08,11:55,29033,1,28994.75,day
5250v60,buy,2026-07-17,2026-07-17,15:34:47,17:00,28745.5,1,28768.25,afternoon
5250v60,sell,2026-07-19,2026-07-20,17:00:00,17:19,28818.25,1,28781.5,asia
5250v60,buy,2026-07-19,2026-07-20,20:48:03,21:21,28757.75,1,28809.75,asia
5250v60,buy,2026-07-20,2026-07-20,00:06:12,01:01,28784,1,28817.5,asia
5250v60,sell,2026-07-20,2026-07-20,04:52:42,05:44,29003.25,1,28969,europe
5250v60,sell,2026-07-20,2026-07-20,11:08:45,11:16,29124,1,29085,day
5250v60,buy,2026-07-20,2026-07-20,11:57:40,12:04,28949.75,1,28961.75,day
5250v60,buy,2026-07-20,2026-07-20,14:55:19,14:59,28763.75,1,28793,afternoon
5250v60,buy,2026-07-20,2026-07-20,15:01:10,15:17,28758.5,1,28764.25,afternoon
5250v60,buy,2026-07-20,2026-07-21,18:10:31,18:56,28751.5,1,28795.75,asia
5250v60,buy,2026-07-20,2026-07-21,23:37:13,00:41,29011.5,1,29073.75,asia
5250v60,sell,2026-07-21,2026-07-21,05:00:11,05:54,29212,1,29167.75,europe
5250v60,buy,2026-07-21,2026-07-21,14:59:53,15:00,29295.25,2,29316,afternoon
5250v60,sell,2026-07-21,2026-07-22,17:12:29,18:45,29309.75,1,29279.75,asia
5250v60,sell,2026-07-22,2026-07-22,01:38:01,02:19,29120.5,1,29110.5,asia
5250v60,sell,2026-07-22,2026-07-23,17:01:01,17:37,29121.5,1,29062.75,asia
5250v60,buy,2026-07-22,2026-07-23,17:37:35,18:25,29016.75,2,29059.25,asia
5250v60,buy,2026-07-23,2026-07-23,09:52:20,09:56,28572.25,1,28587.5,day
5250v60,buy,2026-07-23,2026-07-23,10:12:55,10:15,28478,1,28514.25,day
5250v60,sell,2026-07-23,2026-07-23,10:39:16,10:43,28556,1,28507.5,day
5250v60,buy,2026-07-23,2026-07-23,11:49:50,11:55,28604.5,1,28626,day
5250v60,buy,2026-07-23,2026-07-23,15:00:02,15:01,28613.5,1,28692.25,afternoon
5250v60,buy,2026-07-23,2026-07-23,15:53:45,17:30,28619,1,28685,afternoon
5250v60,buy,2026-07-24,2026-07-24,08:00:04,08:21,28566.75,1,28597.25,europe
5250v60,sell,2026-07-24,2026-07-24,08:30:59,08:32,28564,1,28554.5,day
5250v60,sell,2026-07-24,2026-07-24,08:35:15,08:37,28627,1,28523,day
5250v60,sell,2026-07-24,2026-07-24,10:50:46,10:56,28570.25,1,28553.5,day
5250v60,sell,2026-07-24,2026-07-24,11:13:10,11:19,28596.5,1,28569,day
5250v60,sell,2026-07-27,2026-07-27,08:31:13,08:33,28602,1,28521.5,day
5250v60,sell,2026-07-27,2026-07-27,08:36:51,08:39,28613.75,1,28549,day
5250v60,sell,2026-07-27,2026-07-27,08:54:25,08:57,28471.75,1,28403.75,day
5250v60,buy,2026-07-27,2026-07-27,09:41:57,09:44,27934,1,27987.5,day
5250v60,sell,2026-07-27,2026-07-27,11:10:47,11:15,28159.25,1,28078.5,day
5250v60,buy,2026-07-28,2026-07-28,08:30:00,08:31,27923.75,1,27941,day
5250v60,buy,2026-07-28,2026-07-28,08:46:11,08:47,27653.75,1,27658.75,day
5250v60,buy,2026-07-28,2026-07-28,09:17:05,09:19,27602.25,1,27634,day
5250v60,buy,2026-07-28,2026-07-28,15:00:01,15:04,27907.5,1,27922,afternoon
5250v60,buy,2026-07-29,2026-07-29,08:51:02,08:53,27716.75,1,27744.5,day
5250v60,buy,2026-07-29,2026-07-29,09:26:34,09:29,27534.5,1,27579.5,day
5250v60,buy,2026-07-29,2026-07-29,09:45:01,09:48,27513.25,1,27532.75,day
5250v60,sell,2026-07-29,2026-07-29,13:02:40,13:05,27893.5,1,27795,day
5250v60,buy,2026-07-29,2026-07-29,14:10:55,14:13,27835.5,1,27918.5,afternoon
5250v60,buy,2026-07-29,2026-07-29,14:40:13,14:42,27469.5,1,27511.75,afternoon
5250v60,buy,2026-07-29,2026-07-29,14:56:08,14:58,27330.25,2,27337.25,afternoon
5250v60,buy,2026-07-29,2026-07-29,15:00:28,15:01,27265,1,27304,afternoon
5250v60,buy,2026-07-30,2026-07-30,08:41:06,08:43,27862.25,1,27940,day
5250v60,sell,2026-07-30,2026-07-30,09:02:28,09:05,28182.5,1,28153.25,day
5250v60,sell,2026-07-30,2026-07-30,09:29:05,09:31,28244.75,1,28239.75,day
5250v60,sell,2026-07-30,2026-07-30,10:53:09,10:59,28136.25,1,28084,day
5250v60,sell,2026-07-30,2026-07-30,11:07:11,11:13,28195,1,28187,day
5250v60,buy,2026-07-30,2026-07-30,15:00:17,15:01,28203,1,28349,afternoon
5250v60,sell,2026-07-31,2026-07-31,08:30:00,08:30,28618,1,28605.75,day
5250v60,buy,2026-07-31,2026-07-31,09:10:53,09:12,28117,1,28188.75,day
5250v60,sell,2026-07-31,2026-07-31,10:56:06,11:00,28300,1,28288.25,day
5250v60,buy,2026-07-31,2026-07-31,15:00:11,15:02,28336.75,1,28341.75,afternoon
5250v60,buy,2026-08-03,2026-08-03,08:32:00,08:33,28308.5,1,28356,day
5250v60,sell,2026-08-03,2026-08-03,10:33:34,10:40,28787,1,28782,day
5250v60,sell,2026-08-03,2026-08-03,13:06:11,13:12,28969.25,1,28936.5,day
5250v60,sell,2026-08-04,2026-08-04,12:01:10,12:05,29799,1,29780.5,day
5250v60,sell,2026-08-04,2026-08-04,12:27:07,12:35,29830.75,1,29819,day
5250v60,buy,2026-08-04,2026-08-04,13:41:25,13:49,29834.75,1,29890,day
5250v60,sell,2026-08-05,2026-08-05,08:30:37,08:31,29996.25,1,29985,day
5250v60,buy,2026-08-05,2026-08-05,09:54:05,09:56,29786.75,1,29825.5,day
5250v60,buy,2026-08-05,2026-08-05,10:19:12,10:23,29802.75,1,29837.25,day
5250v60,buy,2026-08-06,2026-08-06,09:47:47,09:52,29543.5,1,29569,day
5250v60,sell,2026-08-06,2026-08-06,11:39:19,11:46,29532.25,1,29477.5,day
5250v60,buy,2026-08-07,2026-08-07,02:00:02,03:01,29528,1,29594.5,europe
5250v60,sell,2026-08-07,2026-08-07,08:33:40,08:35,29818.25,1,29761,day
5250v60,sell,2026-08-07,2026-08-07,09:26:48,09:30,29784.5,1,29754.5,day
5250v60,buy,2026-08-07,2026-08-07,09:37:12,09:40,29664.5,1,29675.25,day
5250v60,sell,2026-08-07,2026-08-07,10:53:10,11:00,29829.75,1,29802.25,day
5250v60,buy,2026-08-07,2026-08-07,14:59:57,15:02,29821,2,29828.25,afternoon
5250v60,sell,2026-08-10,2026-08-10,10:16:03,10:23,29822.25,1,29790.5,day
5250v60,sell,2026-08-10,2026-08-10,12:14:43,12:29,29816.25,1,29786,day
5250v60,sell,2026-08-11,2026-08-11,09:52:42,09:59,29809.75,1,29782.75,day
5250v60,sell,2026-08-12,2026-08-12,08:37:19,08:40,29936.25,1,29880,day
5250v60,sell,2026-08-12,2026-08-12,15:00:36,15:07,29911,1,29875.75,afternoon
5250v60,sell,2026-08-13,2026-08-13,07:32:27,07:51,29875.25,2,29857.25,europe
5250v60,sell,2026-08-13,2026-08-13,08:36:48,08:39,30042.25,1,30029,day
5250v60,sell,2026-08-13,2026-08-13,09:36:36,09:41,30269,1,30246,day
5250v60,sell,2026-08-14,2026-08-14,08:31:06,08:33,30272.25,1,30231.25,day
5250v60,buy,2026-08-14,2026-08-14,10:26:36,10:30,30028.5,1,30061.25,day
5250v60,sell,2026-08-14,2026-08-14,11:29:27,11:35,30108.75,1,30082.5,day
5250v60,sell,2026-08-17,2026-08-17,08:52:20,08:56,30256.25,1,30224.25,day
5250v60,sell,2026-08-17,2026-08-17,14:59:59,15:05,30103,1,30079.5,afternoon
5250v60,buy,2026-08-18,2026-08-18,09:54:25,09:57,29544.25,1,29549.25,day
5250v60,sell,2026-08-18,2026-08-18,10:29:27,10:33,29615,1,29589.25,day
5250v60,buy,2026-08-18,2026-08-18,10:33:23,10:40,29561.5,1,29570.25,day
5250v60,sell,2026-08-18,2026-08-18,11:03:27,11:09,29656.75,1,29633,day
5250v60,buy,2026-08-19,2026-08-19,01:47:18,02:14,29512.25,1,29560,asia
5250v60,buy,2026-08-19,2026-08-19,08:49:06,08:50,29450.25,1,29477,day
5250v60,sell,2026-08-19,2026-08-19,15:01:02,15:18,29547.25,1,29516.75,afternoon
5250v60,buy,2026-08-20,2026-08-20,06:21:59,06:44,29413,1,29423,europe
5250v60,sell,2026-08-20,2026-08-20,09:45:38,09:50,29438.5,1,29368.25,day
5250v60,sell,2026-08-20,2026-08-20,10:02:38,10:06,29454.5,1,29367,day
5250v60,sell,2026-08-20,2026-08-20,12:51:23,13:00,29330.75,1,29284.5,day
5250v60,buy,2026-08-21,2026-08-21,08:32:26,08:34,29352.75,1,29384.75,day
5250v60,buy,2026-08-21,2026-08-21,09:20:06,09:23,29215,1,29261.25,day
5250v60,sell,2026-08-21,2026-08-21,10:04:37,10:08,29372,1,29364.25,day
5250v60,sell,2026-08-21,2026-08-21,10:52:59,10:57,29493.75,1,29449.75,day
5250v60,sell,2026-08-24,2026-08-24,10:39:34,10:42,29185.25,1,29169.25,day
5250v60,sell,2026-08-24,2026-08-24,12:09:07,12:16,29215.5,1,29170.75,day
5250v60,sell,2026-08-24,2026-08-24,14:29:28,14:37,29178,1,29129.5,afternoon
5250v60,sell,2026-08-24,2026-08-24,14:59:48,15:00,29117.25,1,29104.75,afternoon
5250v60,sell,2026-08-25,2026-08-25,13:52:47,14:03,29275.75,1,29249.75,day
5250v60,sell,2026-08-26,2026-08-26,10:49:32,10:53,29296.5,1,29246.25,day
5250v60,sell,2026-08-26,2026-08-26,14:02:37,14:10,29373.25,1,29349.5,afternoon
5250v60,sell,2026-08-26,2026-08-26,15:00:01,15:05,29362.5,2,29351.5,afternoon
5250v60,buy,2026-08-27,2026-08-27,01:40:07,02:15,29466.25,1,29536.5,asia
5250v60,sell,2026-08-27,2026-08-27,08:46:18,08:47,29605.75,1,29500.5,day
5250v60,buy,2026-08-28,2026-08-28,05:59:37,07:04,29592.5,1,29613.25,europe
5250v60,sell,2026-08-28,2026-08-28,08:30:00,08:31,29642,1,29607,day
5250v60,sell,2026-08-28,2026-08-28,11:09:58,11:14,29596.5,1,29564.75,day
5250v60,sell,2026-08-28,2026-08-28,11:52:57,12:00,29554,1,29499.5,day
5250v60,sell,2026-08-28,2026-08-28,12:55:24,13:04,29526.5,1,29513,day
5250v60,sell,2026-08-28,2026-08-28,15:00:14,15:18,29512.75,1,29487.5,afternoon
5250v60,sell,2026-08-31,2026-08-31,09:42:55,09:48,29439.25,1,29410.5,day
5250v60,sell,2026-08-31,2026-08-31,12:56:13,13:04,29458.75,1,29452.25,day
5250v60,buy,2026-09-01,2026-09-01,08:31:58,08:33,29065.25,1,29108.25,day
5250v60,sell,2026-09-01,2026-09-01,09:48:42,09:52,29271.25,1,29231,day
5250v60,sell,2026-09-01,2026-09-01,10:49:22,10:55,29322.75,1,29301.75,day
5250v60,sell,2026-09-01,2026-09-01,11:56:18,12:03,29202.25,1,29162,day
5250v60,sell,2026-09-01,2026-09-01,13:56:57,14:03,29096.75,1,29084.5,day
5250v60,sell,2026-09-01,2026-09-01,15:00:23,15:07,29151,1,29128,afternoon
5250v60,buy,2026-09-02,2026-09-02,08:30:59,08:32,29039.5,1,29059,day
5250v60,buy,2026-09-02,2026-09-02,08:59:25,09:02,29039.25,1,29051.75,day
5250v60,sell,2026-09-02,2026-09-02,09:35:17,09:40,29213.75,1,29189.75,day
5250v60,sell,2026-09-02,2026-09-02,13:20:19,13:32,29181.5,1,29167.25,day
5250v60,buy,2026-09-03,2026-09-03,00:26:12,00:49,29071.25,1,29164,asia
5250v60,sell,2026-09-03,2026-09-03,08:41:21,08:43,29364.5,1,29323.25,day
5250v60,sell,2026-09-03,2026-09-03,10:06:31,10:10,29450.5,1,29441.5,day
5250v60,sell,2026-09-03,2026-09-03,10:28:00,10:30,29544.5,1,29533.75,day
5250v60,sell,2026-09-03,2026-09-03,15:00:01,15:08,29541.25,2,29520,afternoon
5250v60,buy,2026-09-04,2026-09-04,09:26:45,09:30,29559.75,1,29593.25,day
4500v60,sell,2026-07-07,2026-07-07,08:30:30,08:31,29690.75,10,29639,day
4500v60,sell,2026-07-07,2026-07-07,09:33:25,09:36,29321.5,3,29242.5,day
4500v60,sell,2026-07-07,2026-07-07,09:59:18,10:02,29328.5,2,29301.5,day
4500v60,buy,2026-07-07,2026-07-07,10:43:55,10:47,29290.25,1,29365.25,day
4500v60,buy,2026-07-07,2026-07-07,10:52:06,10:58,29342,7,29378.75,day
4500v60,buy,2026-07-07,2026-07-07,11:36:19,11:41,29481.25,9,29506.5,day
4500v60,sell,2026-07-07,2026-07-07,13:13:56,13:24,29566,2,29549.75,day
4500v60,buy,2026-07-07,2026-07-07,14:01:54,14:07,29352,1,29376.5,afternoon
4500v60,buy,2026-07-07,2026-07-07,14:17:31,14:21,29266,1,29308.25,afternoon
4500v60,buy,2026-07-07,2026-07-07,14:41:38,14:48,29300.25,1,29330.25,afternoon
4500v60,buy,2026-07-07,2026-07-07,14:53:12,14:56,29331.25,1,29387,afternoon
4500v60,buy,2026-07-07,2026-07-07,15:00:00,15:01,29382.75,3,29398.75,afternoon
4500v60,sell,2026-07-07,2026-07-08,19:06:33,19:22,29449.5,2,29444.5,asia
4500v60,sell,2026-07-07,2026-07-08,19:59:18,20:21,29563.75,2,29510,asia
4500v60,buy,2026-07-07,2026-07-08,21:19:14,21:56,29394.75,1,29460,asia
4500v60,buy,2026-07-08,2026-07-08,01:21:50,02:00,29277.25,1,29328.5,asia
4500v60,sell,2026-07-08,2026-07-08,03:05:11,03:19,29419.75,2,29275.75,europe
4500v60,buy,2026-07-08,2026-07-08,03:25:23,03:32,29030,1,29062.5,europe
4500v60,buy,2026-07-08,2026-07-08,03:40:06,03:50,28952.25,4,29042,europe
4500v60,buy,2026-07-08,2026-07-08,05:00:12,05:28,28917.75,2,29013,europe
4500v60,buy,2026-07-08,2026-07-08,06:23:14,06:44,28968,1,29095.75,europe
4500v60,buy,2026-07-08,2026-07-08,07:00:32,07:11,29049.25,1,29169.75,europe
4500v60,sell,2026-07-08,2026-07-08,07:54:32,08:03,29244.5,1,29183.75,europe
4500v60,sell,2026-07-08,2026-07-08,08:17:14,08:27,29231,1,29180.5,europe
4500v60,sell,2026-07-08,2026-07-08,11:22:02,11:26,29303,1,29277.25,day
4500v60,buy,2026-07-08,2026-07-08,11:31:07,11:35,29265.25,1,29291.25,day
4500v60,sell,2026-07-08,2026-07-08,12:30:23,12:38,29462.75,2,29424.75,day
4500v60,buy,2026-07-08,2026-07-08,15:01:38,15:15,29398.75,1,29420.75,afternoon
4500v60,sell,2026-07-08,2026-07-09,17:07:14,18:22,29462.5,1,29405,asia
4500v60,buy,2026-07-08,2026-07-09,18:22:58,19:00,29392.75,1,29526.5,asia
4500v60,sell,2026-07-08,2026-07-09,19:19:08,19:49,29588,3,29545,asia
4500v60,buy,2026-07-08,2026-07-09,20:55:08,21:15,29421,1,29535.5,asia
4500v60,buy,2026-07-08,2026-07-09,23:12:46,00:06,29457.5,4,29524.5,asia
4500v60,sell,2026-07-09,2026-07-09,02:20:08,02:54,29711.75,1,29694.75,europe
4500v60,buy,2026-07-09,2026-07-09,03:25:54,04:15,29624,2,29641.5,europe
4500v60,buy,2026-07-09,2026-07-09,06:00:42,06:33,29574,4,29665,europe
4500v60,sell,2026-07-09,2026-07-09,07:39:40,07:56,29791.5,1,29736.5,europe
4500v60,sell,2026-07-09,2026-07-09,08:17:52,08:29,29763,1,29736,europe
4500v60,sell,2026-07-09,2026-07-09,10:30:39,10:40,29891.25,1,29883.75,day
4500v60,sell,2026-07-09,2026-07-10,17:00:28,18:01,29966,1,29918,asia
4500v60,buy,2026-07-09,2026-07-10,18:01:31,19:00,29902,1,29946,asia
4500v60,sell,2026-07-09,2026-07-10,19:00:31,19:17,29957,2,29873.25,asia
4500v60,sell,2026-07-09,2026-07-10,20:02:08,20:37,29892.75,1,29885.75,asia
4500v60,buy,2026-07-09,2026-07-10,20:37:25,21:16,29860.25,2,29868.25,asia
4500v60,sell,2026-07-09,2026-07-10,21:53:46,23:09,29968.5,1,29935.5,asia
4500v60,buy,2026-07-10,2026-07-10,00:10:03,01:01,29834.25,1,29848,asia
4500v60,buy,2026-07-10,2026-07-10,01:25:00,01:59,29770.25,1,29824.5,asia
4500v60,sell,2026-07-10,2026-07-10,01:59:44,02:57,29832.75,1,29765.75,asia
4500v60,buy,2026-07-10,2026-07-10,02:57:30,03:35,29738.75,7,29773,europe
4500v60,buy,2026-07-10,2026-07-10,08:19:18,08:30,29804.75,1,29835,europe
4500v60,sell,2026-07-10,2026-07-10,11:19:41,11:26,30028,1,30014,day
4500v60,buy,2026-07-10,2026-07-10,15:50:05,17:00,30054.5,1,30068.5,afternoon
4500v60,sell,2026-07-12,2026-07-13,17:00:00,17:07,29984.5,2,29889,asia
4500v60,sell,2026-07-12,2026-07-13,19:07:47,19:24,30046,5,29997.75,asia
4500v60,buy,2026-07-12,2026-07-13,21:03:57,21:29,29723.5,1,29800,asia
4500v60,sell,2026-07-12,2026-07-13,22:03:07,22:39,29722.75,1,29703.75,asia
4500v60,buy,2026-07-13,2026-07-13,00:23:57,00:43,29537.75,3,29638,asia
4500v60,buy,2026-07-13,2026-07-13,02:35:09,03:17,29631.75,7,29721,europe
4500v60,sell,2026-07-13,2026-07-14,17:01:26,17:57,29481,1,29401.75,asia
4500v60,buy,2026-07-13,2026-07-14,17:57:51,18:40,29343,1,29353,asia
4500v60,buy,2026-07-13,2026-07-14,21:21:27,21:52,29360.25,1,29402.5,asia
4500v60,sell,2026-07-13,2026-07-14,21:52:37,22:23,29409.75,1,29341.25,asia
4500v60,buy,2026-07-13,2026-07-14,22:47:47,23:30,29366.25,5,29448.5,asia
4500v60,sell,2026-07-14,2026-07-14,02:06:07,03:00,29626.25,1,29565,europe
4500v60,buy,2026-07-14,2026-07-14,03:00:31,03:41,29542.75,2,29625,europe
4500v60,buy,2026-07-14,2026-07-14,06:24:14,06:54,29608.75,1,29650.5,europe
4500v60,sell,2026-07-14,2026-07-14,09:34:48,09:38,29805,1,29762,day
4500v60,sell,2026-07-14,2026-07-14,10:04:44,10:08,29855.5,2,29849.25,day
4500v60,buy,2026-07-14,2026-07-14,15:02:14,15:11,29767.5,1,29784,afternoon
4500v60,buy,2026-07-14,2026-07-14,15:49:59,17:54,29740.5,1,29767.5,afternoon
4500v60,buy,2026-07-14,2026-07-15,17:54:43,18:43,29753,1,29859.25,asia
4500v60,buy,2026-07-14,2026-07-15,23:29:40,00:05,29978.25,1,30009.25,asia
4500v60,buy,2026-07-15,2026-07-15,00:48:30,01:42,29985.75,1,30021.25,asia
4500v60,sell,2026-07-15,2026-07-15,01:42:01,02:23,30067.5,2,29993.5,asia
4500v60,buy,2026-07-15,2026-07-15,11:07:47,11:12,29474,1,29503.75,day
4500v60,buy,2026-07-15,2026-07-15,12:32:53,12:39,29603,1,29631,day
4500v60,sell,2026-07-15,2026-07-16,17:13:32,18:08,29743,1,29712.75,asia
4500v60,buy,2026-07-15,2026-07-16,18:08:51,19:08,29677,1,29725,asia
4500v60,sell,2026-07-15,2026-07-16,22:19:54,23:47,29761.25,1,29702.25,asia
4500v60,buy,2026-07-15,2026-07-16,23:47:09,00:35,29675,1,29680,asia
4500v60,sell,2026-07-16,2026-07-16,01:39:55,02:34,29699,1,29609,asia
4500v60,buy,2026-07-16,2026-07-16,03:48:45,04:45,29571.25,1,29576.25,europe
4500v60,buy,2026-07-16,2026-07-16,05:36:03,06:18,29441.25,1,29468,europe
4500v60,sell,2026-07-16,2026-07-16,09:38:10,09:43,29499.25,1,29467.25,day
4500v60,sell,2026-07-16,2026-07-16,13:29:06,13:37,29279,1,29237.5,day
4500v60,buy,2026-07-16,2026-07-16,14:07:39,14:14,29171,1,29179.75,afternoon
4500v60,buy,2026-07-16,2026-07-16,15:00:02,15:01,29194.75,1,29214,afternoon
4500v60,sell,2026-07-16,2026-07-17,17:01:52,17:53,29225,1,29128.5,asia
4500v60,buy,2026-07-16,2026-07-17,21:29:08,22:05,28897.25,1,28948,asia
4500v60,buy,2026-07-16,2026-07-17,23:28:10,23:49,28769.5,1,28834.5,asia
4500v60,sell,2026-07-17,2026-07-17,01:45:24,02:13,28776.25,2,28735,asia
4500v60,buy,2026-07-17,2026-07-17,04:36:40,05:06,28664.25,2,28735,europe
4500v60,sell,2026-07-17,2026-07-17,08:30:48,08:32,28691,2,28645.75,day
4500v60,sell,2026-07-17,2026-07-17,09:31:18,09:33,28848,1,28785,day
4500v60,buy,2026-07-17,2026-07-17,15:51:57,17:00,28754,1,28768.25,afternoon
4500v60,sell,2026-07-19,2026-07-20,17:00:00,17:15,28818.25,1,28747,asia
4500v60,buy,2026-07-19,2026-07-20,18:28:59,19:02,28786,1,28814.25,asia
4500v60,sell,2026-07-20,2026-07-20,07:48:03,08:08,29063.25,2,29042.5,europe
4500v60,sell,2026-07-20,2026-07-20,08:45:13,08:47,29197.5,1,29153,day
4500v60,buy,2026-07-20,2026-07-20,11:56:02,12:01,28951,1,28974.5,day
4500v60,buy,2026-07-20,2026-07-20,14:55:19,14:58,28763.75,1,28785.5,afternoon
4500v60,buy,2026-07-20,2026-07-20,14:59:49,15:00,28768,1,28807.5,afternoon
4500v60,buy,2026-07-20,2026-07-21,18:10:31,18:51,28751.5,1,28772.25,asia
4500v60,buy,2026-07-21,2026-07-21,10:06:21,10:09,29209.75,1,29273.75,day
4500v60,buy,2026-07-21,2026-07-21,10:41:14,10:49,29252,1,29288.75,day
4500v60,buy,2026-07-21,2026-07-21,14:59:54,15:00,29295.25,2,29316,afternoon
4500v60,buy,2026-07-21,2026-07-21,15:49:38,17:52,29248,1,29260.5,afternoon
4500v60,sell,2026-07-21,2026-07-22,21:48:13,22:35,29272.25,1,29229.75,asia
4500v60,sell,2026-07-22,2026-07-22,08:32:42,08:34,29167.25,1,29149,day
4500v60,buy,2026-07-22,2026-07-22,14:59:59,15:01,29135,1,29209,afternoon
4500v60,buy,2026-07-23,2026-07-23,05:33:19,06:16,29028.75,1,29068.5,europe
4500v60,buy,2026-07-23,2026-07-23,08:53:11,08:54,28732.25,1,28810,day
4500v60,buy,2026-07-23,2026-07-23,09:45:36,09:48,28621.5,1,28641.75,day
4500v60,buy,2026-07-23,2026-07-23,09:51:42,09:54,28574,1,28580.5,day
4500v60,buy,2026-07-23,2026-07-23,12:41:56,12:48,28575,1,28619.5,day
4500v60,buy,2026-07-23,2026-07-23,14:59:56,15:00,28600.5,1,28649.5,afternoon
4500v60,buy,2026-07-23,2026-07-23,15:41:50,17:05,28650,1,28660.25,afternoon
4500v60,buy,2026-07-24,2026-07-24,05:38:45,06:29,28627,1,28639.5,europe
4500v60,buy,2026-07-24,2026-07-24,06:58:52,07:12,28619.25,1,28671.5,europe
4500v60,buy,2026-07-24,2026-07-24,08:55:03,08:56,28308.5,1,28332.5,day
4500v60,buy,2026-07-24,2026-07-24,09:19:32,09:22,28301.25,1,28384.5,day
4500v60,sell,2026-07-24,2026-07-24,10:57:48,11:03,28588.75,1,28566.25,day
4500v60,sell,2026-07-24,2026-07-24,11:12:38,11:16,28613.25,1,28561.5,day
4500v60,buy,2026-07-24,2026-07-24,15:34:14,17:00,28278.75,1,28306.5,afternoon
4500v60,buy,2026-07-27,2026-07-27,07:53:20,08:15,28642.75,1,28669.75,europe
4500v60,buy,2026-07-27,2026-07-27,08:34:06,08:35,28490.75,1,28593.25,day
4500v60,buy,2026-07-27,2026-07-27,08:43:13,08:45,28423,1,28454,day
4500v60,buy,2026-07-27,2026-07-27,08:59:24,09:01,28321.75,1,28368.25,day
4500v60,buy,2026-07-27,2026-07-27,09:41:57,09:44,27934,1,27974.75,day
4500v60,sell,2026-07-27,2026-07-27,11:26:14,11:29,28204.75,1,28160.25,day
4500v60,buy,2026-07-27,2026-07-27,15:31:45,17:13,28165,1,28170,afternoon
4500v60,buy,2026-07-28,2026-07-28,08:30:00,08:30,27923.75,1,27933.5,day
4500v60,buy,2026-07-28,2026-07-28,08:43:51,08:45,27707.25,1,27713.25,day
4500v60,buy,2026-07-28,2026-07-28,08:46:35,08:48,27653.75,1,27695.5,day
4500v60,sell,2026-07-28,2026-07-28,10:18:24,10:21,27968.25,1,27945.75,day
4500v60,buy,2026-07-28,2026-07-28,15:37:24,17:06,27930.75,1,28001,afternoon
4500v60,buy,2026-07-28,2026-07-29,18:05:43,18:21,27735,1,27842.75,asia
4500v60,buy,2026-07-28,2026-07-29,21:16:33,21:41,27791,1,27895,asia
4500v60,buy,2026-07-29,2026-07-29,09:26:54,09:29,27534.5,1,27579.5,day
4500v60,sell,2026-07-29,2026-07-29,13:02:08,13:04,27893.5,1,27806,day
4500v60,buy,2026-07-29,2026-07-29,13:32:25,13:36,27704,1,27746,day
4500v60,buy,2026-07-29,2026-07-29,14:11:14,14:13,27867.75,1,27918.5,afternoon
4500v60,buy,2026-07-29,2026-07-29,14:56:29,14:58,27330.25,1,27337.25,afternoon
4500v60,buy,2026-07-29,2026-07-29,14:59:52,15:00,27325.75,1,27345.25,afternoon
4500v60,buy,2026-07-29,2026-07-29,15:37:58,15:55,27262,1,27291,afternoon
4500v60,buy,2026-07-30,2026-07-30,08:40:42,08:42,27860.5,1,27926,day
4500v60,sell,2026-07-30,2026-07-30,09:02:28,09:04,28182.5,1,28171,day
4500v60,sell,2026-07-30,2026-07-30,09:29:34,09:31,28244.75,1,28239.75,day
4500v60,buy,2026-07-30,2026-07-30,09:56:31,09:58,28017.5,1,28070.25,day
4500v60,sell,2026-07-30,2026-07-30,11:05:16,11:11,28170.75,1,28158,day
4500v60,buy,2026-07-30,2026-07-30,15:00:00,15:01,28200.5,2,28321.25,afternoon
4500v60,buy,2026-07-30,2026-07-31,21:21:40,22:03,28384.5,1,28427,asia
4500v60,buy,2026-07-31,2026-07-31,09:34:09,09:37,28207.75,1,28288,day
4500v60,sell,2026-07-31,2026-07-31,10:57:45,11:01,28304,1,28288.25,day
4500v60,buy,2026-07-31,2026-07-31,15:00:28,15:02,28336.75,1,28341.75,afternoon
4500v60,buy,2026-08-03,2026-08-03,08:31:28,08:32,28308.5,1,28357.5,day
4500v60,sell,2026-08-03,2026-08-03,10:31:52,10:37,28785,1,28763.75,day
4500v60,sell,2026-08-04,2026-08-04,09:29:39,09:32,29566.25,1,29536.5,day
4500v60,sell,2026-08-04,2026-08-04,12:26:01,12:30,29830.75,1,29814.5,day
4500v60,buy,2026-08-04,2026-08-04,13:40:26,13:46,29834.75,1,29879.5,day
4500v60,sell,2026-08-05,2026-08-05,08:30:29,08:31,29996.25,1,29986,day
4500v60,buy,2026-08-05,2026-08-05,10:18:07,10:19,29758.5,1,29823.75,day
4500v60,buy,2026-08-06,2026-08-06,03:25:26,04:08,29449,1,29454,europe
4500v60,sell,2026-08-06,2026-08-06,07:51:20,08:07,29433.5,1,29368,europe
4500v60,sell,2026-08-06,2026-08-06,08:41:06,08:43,29463.5,1,29424,day
4500v60,sell,2026-08-06,2026-08-06,09:12:52,09:15,29625.25,1,29616.25,day
4500v60,buy,2026-08-06,2026-08-06,09:47:47,09:51,29543.5,1,29578.25,day
4500v60,sell,2026-08-06,2026-08-06,11:40:16,11:46,29529.25,1,29477.5,day
4500v60,sell,2026-08-06,2026-08-06,15:00:00,15:03,29545.25,2,29527.25,afternoon
4500v60,sell,2026-08-07,2026-08-07,08:33:06,08:34,29818.25,2,29782.25,day
4500v60,sell,2026-08-07,2026-08-07,10:52:09,10:58,29842.25,1,29800.75,day
4500v60,sell,2026-08-10,2026-08-10,12:16:41,12:29,29816.25,1,29786,day
4500v60,sell,2026-08-10,2026-08-10,15:02:41,15:27,29759.75,1,29747,afternoon
4500v60,buy,2026-08-11,2026-08-11,08:48:09,08:50,29645.75,1,29661.5,day
4500v60,sell,2026-08-11,2026-08-11,09:56:58,10:03,29802.25,1,29779,day
4500v60,sell,2026-08-12,2026-08-12,05:29:58,06:11,29849.25,1,29831,europe
4500v60,buy,2026-08-12,2026-08-12,08:31:58,08:33,29883,2,29903,day
4500v60,sell,2026-08-12,2026-08-12,08:50:13,08:52,29964.75,1,29910.75,day
4500v60,sell,2026-08-12,2026-08-12,09:11:19,09:14,29941,1,29910.75,day
4500v60,sell,2026-08-12,2026-08-12,14:59:58,15:03,29885.75,1,29865.25,afternoon
4500v60,sell,2026-08-13,2026-08-13,08:37:07,08:39,30040.25,1,30031.5,day
4500v60,sell,2026-08-13,2026-08-13,09:33:07,09:37,30272.5,2,30258.75,day
4500v60,buy,2026-08-14,2026-08-14,09:32:28,09:36,30125,1,30149.5,day
4500v60,sell,2026-08-17,2026-08-17,12:47:00,12:57,30126.5,1,30102.25,day
4500v60,sell,2026-08-17,2026-08-17,15:00:14,15:07,30103,2,30077,afternoon
4500v60,buy,2026-08-18,2026-08-18,03:19:14,03:55,29730.75,1,29758.5,europe
4500v60,sell,2026-08-18,2026-08-18,04:31:23,04:55,29747,1,29723,europe
4500v60,buy,2026-08-18,2026-08-18,09:44:05,09:48,29595.75,1,29612.75,day
4500v60,buy,2026-08-18,2026-08-18,09:53:26,09:55,29550,1,29566.25,day
4500v60,sell,2026-08-18,2026-08-18,14:26:11,14:30,29611.75,1,29598.75,afternoon
4500v60,sell,2026-08-18,2026-08-18,14:59:50,14:59,29596.5,1,29585.75,afternoon
4500v60,buy,2026-08-19,2026-08-19,02:56:46,03:11,29579.5,1,29640.25,europe
4500v60,sell,2026-08-19,2026-08-19,15:00:00,15:05,29547.75,2,29531.25,afternoon
4500v60,buy,2026-08-20,2026-08-20,07:14:18,07:25,29259,1,29289.75,europe
4500v60,sell,2026-08-20,2026-08-20,10:01:32,10:03,29462.5,1,29422,day
4500v60,sell,2026-08-20,2026-08-20,11:48:26,11:57,29385.25,1,29368,day
4500v60,sell,2026-08-20,2026-08-20,13:35:38,13:43,29238.5,1,29229.75,day
4500v60,sell,2026-08-20,2026-08-21,17:35:24,18:49,29333.5,1,29290.75,asia
4500v60,buy,2026-08-21,2026-08-21,03:12:15,03:47,29385.5,1,29452.25,europe
4500v60,buy,2026-08-21,2026-08-21,09:14:07,09:15,29239,1,29270.75,day
4500v60,sell,2026-08-21,2026-08-21,10:03:28,10:05,29371.25,1,29348,day
4500v60,sell,2026-08-21,2026-08-21,10:37:08,10:40,29449.5,1,29439.75,day
4500v60,sell,2026-08-21,2026-08-21,14:02:52,14:11,29411.25,1,29389.5,afternoon
4500v60,buy,2026-08-24,2026-08-24,08:44:23,08:45,28959,1,28989,day
4500v60,buy,2026-08-24,2026-08-24,09:03:36,09:06,28957.75,1,28977.25,day
4500v60,sell,2026-08-24,2026-08-24,10:40:42,10:44,29187,1,29172,day
4500v60,sell,2026-08-24,2026-08-24,11:58:29,12:07,29179.75,1,29167.25,day
4500v60,sell,2026-08-24,2026-08-24,12:12:07,12:18,29213.5,1,29170.75,day
4500v60,sell,2026-08-24,2026-08-24,14:29:28,14:35,29178,1,29136,afternoon
4500v60,sell,2026-08-24,2026-08-24,14:59:48,15:00,29117.25,1,29101.5,afternoon
4500v60,sell,2026-08-25,2026-08-25,13:48:00,13:57,29280,1,29255,day
4500v60,sell,2026-08-26,2026-08-26,09:38:01,09:43,29243.5,1,29219.75,day
4500v60,sell,2026-08-26,2026-08-26,10:47:56,10:52,29296.5,1,29246.75,day
4500v60,sell,2026-08-26,2026-08-26,15:05:20,15:20,29388.75,1,29346,afternoon
4500v60,buy,2026-08-26,2026-08-27,17:15:23,17:40,29549.25,1,29604.75,asia
4500v60,buy,2026-08-27,2026-08-27,08:32:13,08:33,29469,1,29514,day
4500v60,buy,2026-08-27,2026-08-27,08:47:27,08:48,29476,1,29502.25,day
4500v60,sell,2026-08-27,2026-08-27,09:33:46,09:38,29610,1,29579.5,day
4500v60,sell,2026-08-27,2026-08-27,14:59:59,15:01,29713,2,29689.25,afternoon
4500v60,sell,2026-08-27,2026-08-28,18:27:13,19:08,29630.25,1,29620.25,asia
4500v60,buy,2026-08-28,2026-08-28,08:33:22,08:35,29557.75,1,29603.75,day
4500v60,sell,2026-08-28,2026-08-28,09:45:07,09:47,29760,1,29744.25,day
4500v60,sell,2026-08-28,2026-08-28,10:32:41,10:38,29790.5,1,29742,day
4500v60,sell,2026-08-28,2026-08-28,11:09:58,11:13,29596.5,1,29560.25,day
4500v60,sell,2026-08-28,2026-08-28,11:54:56,12:00,29529,1,29480,day
4500v60,sell,2026-08-28,2026-08-28,12:54:10,13:01,29529,1,29500.25,day
4500v60,sell,2026-08-28,2026-08-28,15:00:14,15:12,29512.75,1,29485.75,afternoon
4500v60,buy,2026-08-31,2026-08-31,00:06:03,00:42,29412.75,1,29444,asia
4500v60,sell,2026-08-31,2026-08-31,09:39:02,09:44,29439.75,1,29420,day
4500v60,sell,2026-08-31,2026-08-31,12:50:42,13:00,29462.5,1,29433.25,day
4500v60,buy,2026-08-31,2026-09-01,17:48:51,19:00,29477,1,29487.25,asia
4500v60,buy,2026-09-01,2026-09-01,08:30:39,08:31,29077.75,1,29085.5,day
4500v60,sell,2026-09-01,2026-09-01,09:48:23,09:51,29273,1,29243.25,day
4500v60,sell,2026-09-01,2026-09-01,10:49:22,10:54,29322.75,1,29309,day
4500v60,sell,2026-09-01,2026-09-01,13:23:10,13:30,29123.5,1,29088,day
4500v60,sell,2026-09-01,2026-09-01,13:36:52,13:42,29082.25,1,29044.25,day
4500v60,sell,2026-09-01,2026-09-01,14:11:48,14:18,29130.5,1,29108.5,afternoon
4500v60,sell,2026-09-01,2026-09-01,15:00:02,15:01,29163,1,29120,afternoon
4500v60,buy,2026-09-01,2026-09-02,17:29:03,19:01,29106,1,29139.25,asia
4500v60,sell,2026-09-02,2026-09-02,09:30:10,09:34,29201.5,1,29193.75,day
4500v60,sell,2026-09-02,2026-09-02,09:37:26,09:42,29205.75,1,29182,day
4500v60,sell,2026-09-02,2026-09-02,12:46:46,12:57,29177.25,1,29160.25,day
4500v60,sell,2026-09-03,2026-09-03,07:34:00,07:47,29219.75,1,29191.5,europe
4500v60,sell,2026-09-03,2026-09-03,10:28:30,10:30,29544.5,1,29533.75,day
4500v60,sell,2026-09-03,2026-09-03,12:00:08,12:10,29539,1,29493.25,day
4500v60,sell,2026-09-03,2026-09-03,13:00:55,13:06,29583.5,1,29575.75,day
4500v60,sell,2026-09-03,2026-09-03,14:59:59,15:01,29541.25,2,29512.5,afternoon
4500v60,buy,2026-09-04,2026-09-04,00:23:48,01:10,29586.5,1,29627,asia
4500v60,sell,2026-09-04,2026-09-04,08:44:00,08:45,29652,1,29598.25,day
