Date,POC,VAH,VAL,SessionHigh,SessionLow,SessionVolume
2026-06-16,29930.00,29968.00,29876.00,30044.00,29862.00,268000
2026-06-15,29890.00,29962.00,29800.00,29993.50,29614.50,412345
2026-06-12,29845.00,29915.00,29760.00,29940.00,29700.00,398211
2026-06-11,29790.00,29862.00,29705.00,29901.00,29650.00,405876
2026-06-10,29770.00,29830.00,29690.00,29880.00,29640.00,387654
2026-06-09,29810.00,29870.00,29730.00,29910.00,29680.00,401234
2026-06-08,29850.00,29920.00,29780.00,29960.00,29720.00,395000
2026-06-05,29880.00,29950.00,29810.00,29990.00,29760.00,388900
2026-06-04,29860.00,29930.00,29790.00,29970.00,29740.00,392100
